run_id,condition_id,experiment,owner,algorithm_flow1,algorithm_flow2,capacity_mbps,rtt1_ms,rtt2_ms,queue_bdp_multiplier,bdp_reference_rtt_ms,bdp_reference_bytes,queue_target_bytes,queue_policy,queue_effective_bytes,ecn_target,injected_loss_probability,duration_s,warmup_s,analysis_start_s,analysis_end_s,repeat,implementation_manifest_id,environment_id,actual_run_order,prediction_id,design_state,execution_state
E1_BBRv1_BBRv1_C100_R20-20_Q0p5_rep01,E1_BBRv1_BBRv1_C100_R20-20_Q0p5,E1,刘馨月,BBRv1,BBRv1,100,20,20,0.5,20,250000,125000,FIFO_DRAFT,UNRESOLVED,off,0,180,30,30,180,1,UNRESOLVED,UNRESOLVED,UNASSIGNED,NA,DRAFT_NOT_FROZEN,NOT_RUN
E1_BBRv1_BBRv1_C100_R20-20_Q0p5_rep02,E1_BBRv1_BBRv1_C100_R20-20_Q0p5,E1,刘馨月,BBRv1,BBRv1,100,20,20,0.5,20,250000,125000,FIFO_DRAFT,UNRESOLVED,off,0,180,30,30,180,2,UNRESOLVED,UNRESOLVED,UNASSIGNED,NA,DRAFT_NOT_FROZEN,NOT_RUN
E1_BBRv1_BBRv1_C100_R20-20_Q0p5_rep03,E1_BBRv1_BBRv1_C100_R20-20_Q0p5,E1,刘馨月,BBRv1,BBRv1,100,20,20,0.5,20,250000,125000,FIFO_DRAFT,UNRESOLVED,off,0,180,30,30,180,3,UNRESOLVED,UNRESOLVED,UNASSIGNED,NA,DRAFT_NOT_FROZEN,NOT_RUN
E1_BBRv1_BBRv1_C100_R20-20_Q0p5_rep04,E1_BBRv1_BBRv1_C100_R20-20_Q0p5,E1,刘馨月,BBRv1,BBRv1,100,20,20,0.5,20,250000,125000,FIFO_DRAFT,UNRESOLVED,off,0,180,30,30,180,4,UNRESOLVED,UNRESOLVED,UNASSIGNED,NA,DRAFT_NOT_FROZEN,NOT_RUN
E1_BBRv1_BBRv1_C100_R20-20_Q0p5_rep05,E1_BBRv1_BBRv1_C100_R20-20_Q0p5,E1,刘馨月,BBRv1,BBRv1,100,20,20,0.5,20,250000,125000,FIFO_DRAFT,UNRESOLVED,off,0,180,30,30,180,5,UNRESOLVED,UNRESOLVED,UNASSIGNED,NA,DRAFT_NOT_FROZEN,NOT_RUN
E1_BBRv1_BBRv1_C100_R20-20_Q2_rep01,E1_BBRv1_BBRv1_C100_R20-20_Q2,E1,冯宗林,BBRv1,BBRv1,100,20,20,2,20,250000,500000,FIFO_DRAFT,UNRESOLVED,off,0,180,30,30,180,1,UNRESOLVED,UNRESOLVED,UNASSIGNED,NA,DRAFT_NOT_FROZEN,NOT_RUN
E1_BBRv1_BBRv1_C100_R20-20_Q2_rep02,E1_BBRv1_BBRv1_C100_R20-20_Q2,E1,冯宗林,BBRv1,BBRv1,100,20,20,2,20,250000,500000,FIFO_DRAFT,UNRESOLVED,off,0,180,30,30,180,2,UNRESOLVED,UNRESOLVED,UNASSIGNED,NA,DRAFT_NOT_FROZEN,NOT_RUN
E1_BBRv1_BBRv1_C100_R20-20_Q2_rep03,E1_BBRv1_BBRv1_C100_R20-20_Q2,E1,冯宗林,BBRv1,BBRv1,100,20,20,2,20,250000,500000,FIFO_DRAFT,UNRESOLVED,off,0,180,30,30,180,3,UNRESOLVED,UNRESOLVED,UNASSIGNED,NA,DRAFT_NOT_FROZEN,NOT_RUN
E1_BBRv1_BBRv1_C100_R20-20_Q2_rep04,E1_BBRv1_BBRv1_C100_R20-20_Q2,E1,冯宗林,BBRv1,BBRv1,100,20,20,2,20,250000,500000,FIFO_DRAFT,UNRESOLVED,off,0,180,30,30,180,4,UNRESOLVED,UNRESOLVED,UNASSIGNED,NA,DRAFT_NOT_FROZEN,NOT_RUN
E1_BBRv1_BBRv1_C100_R20-20_Q2_rep05,E1_BBRv1_BBRv1_C100_R20-20_Q2,E1,冯宗林,BBRv1,BBRv1,100,20,20,2,20,250000,500000,FIFO_DRAFT,UNRESOLVED,off,0,180,30,30,180,5,UNRESOLVED,UNRESOLVED,UNASSIGNED,NA,DRAFT_NOT_FROZEN,NOT_RUN
E1_BBRv1_BBRv1_C100_R20-20_Q10_rep01,E1_BBRv1_BBRv1_C100_R20-20_Q10,E1,刘馨月,BBRv1,BBRv1,100,20,20,10,20,250000,2500000,FIFO_DRAFT,UNRESOLVED,off,0,180,30,30,180,1,UNRESOLVED,UNRESOLVED,UNASSIGNED,NA,DRAFT_NOT_FROZEN,NOT_RUN
E1_BBRv1_BBRv1_C100_R20-20_Q10_rep02,E1_BBRv1_BBRv1_C100_R20-20_Q10,E1,刘馨月,BBRv1,BBRv1,100,20,20,10,20,250000,2500000,FIFO_DRAFT,UNRESOLVED,off,0,180,30,30,180,2,UNRESOLVED,UNRESOLVED,UNASSIGNED,NA,DRAFT_NOT_FROZEN,NOT_RUN
E1_BBRv1_BBRv1_C100_R20-20_Q10_rep03,E1_BBRv1_BBRv1_C100_R20-20_Q10,E1,刘馨月,BBRv1,BBRv1,100,20,20,10,20,250000,2500000,FIFO_DRAFT,UNRESOLVED,off,0,180,30,30,180,3,UNRESOLVED,UNRESOLVED,UNASSIGNED,NA,DRAFT_NOT_FROZEN,NOT_RUN
E1_BBRv1_BBRv1_C100_R20-20_Q10_rep04,E1_BBRv1_BBRv1_C100_R20-20_Q10,E1,刘馨月,BBRv1,BBRv1,100,20,20,10,20,250000,2500000,FIFO_DRAFT,UNRESOLVED,off,0,180,30,30,180,4,UNRESOLVED,UNRESOLVED,UNASSIGNED,NA,DRAFT_NOT_FROZEN,NOT_RUN
E1_BBRv1_BBRv1_C100_R20-20_Q10_rep05,E1_BBRv1_BBRv1_C100_R20-20_Q10,E1,刘馨月,BBRv1,BBRv1,100,20,20,10,20,250000,2500000,FIFO_DRAFT,UNRESOLVED,off,0,180,30,30,180,5,UNRESOLVED,UNRESOLVED,UNASSIGNED,NA,DRAFT_NOT_FROZEN,NOT_RUN
E1_BBRv1_BBRv1_C100_R20-40_Q0p5_rep01,E1_BBRv1_BBRv1_C100_R20-40_Q0p5,E1,刘馨月,BBRv1,BBRv1,100,20,40,0.5,20,250000,125000,FIFO_DRAFT,UNRESOLVED,off,0,180,30,30,180,1,UNRESOLVED,UNRESOLVED,UNASSIGNED,NA,DRAFT_NOT_FROZEN,NOT_RUN
E1_BBRv1_BBRv1_C100_R20-40_Q0p5_rep02,E1_BBRv1_BBRv1_C100_R20-40_Q0p5,E1,刘馨月,BBRv1,BBRv1,100,20,40,0.5,20,250000,125000,FIFO_DRAFT,UNRESOLVED,off,0,180,30,30,180,2,UNRESOLVED,UNRESOLVED,UNASSIGNED,NA,DRAFT_NOT_FROZEN,NOT_RUN
E1_BBRv1_BBRv1_C100_R20-40_Q0p5_rep03,E1_BBRv1_BBRv1_C100_R20-40_Q0p5,E1,刘馨月,BBRv1,BBRv1,100,20,40,0.5,20,250000,125000,FIFO_DRAFT,UNRESOLVED,off,0,180,30,30,180,3,UNRESOLVED,UNRESOLVED,UNASSIGNED,NA,DRAFT_NOT_FROZEN,NOT_RUN
E1_BBRv1_BBRv1_C100_R20-40_Q0p5_rep04,E1_BBRv1_BBRv1_C100_R20-40_Q0p5,E1,刘馨月,BBRv1,BBRv1,100,20,40,0.5,20,250000,125000,FIFO_DRAFT,UNRESOLVED,off,0,180,30,30,180,4,UNRESOLVED,UNRESOLVED,UNASSIGNED,NA,DRAFT_NOT_FROZEN,NOT_RUN
E1_BBRv1_BBRv1_C100_R20-40_Q0p5_rep05,E1_BBRv1_BBRv1_C100_R20-40_Q0p5,E1,刘馨月,BBRv1,BBRv1,100,20,40,0.5,20,250000,125000,FIFO_DRAFT,UNRESOLVED,off,0,180,30,30,180,5,UNRESOLVED,UNRESOLVED,UNASSIGNED,NA,DRAFT_NOT_FROZEN,NOT_RUN
E1_BBRv1_BBRv1_C100_R20-40_Q2_rep01,E1_BBRv1_BBRv1_C100_R20-40_Q2,E1,冯宗林,BBRv1,BBRv1,100,20,40,2,20,250000,500000,FIFO_DRAFT,UNRESOLVED,off,0,180,30,30,180,1,UNRESOLVED,UNRESOLVED,UNASSIGNED,NA,DRAFT_NOT_FROZEN,NOT_RUN
E1_BBRv1_BBRv1_C100_R20-40_Q2_rep02,E1_BBRv1_BBRv1_C100_R20-40_Q2,E1,冯宗林,BBRv1,BBRv1,100,20,40,2,20,250000,500000,FIFO_DRAFT,UNRESOLVED,off,0,180,30,30,180,2,UNRESOLVED,UNRESOLVED,UNASSIGNED,NA,DRAFT_NOT_FROZEN,NOT_RUN
E1_BBRv1_BBRv1_C100_R20-40_Q2_rep03,E1_BBRv1_BBRv1_C100_R20-40_Q2,E1,冯宗林,BBRv1,BBRv1,100,20,40,2,20,250000,500000,FIFO_DRAFT,UNRESOLVED,off,0,180,30,30,180,3,UNRESOLVED,UNRESOLVED,UNASSIGNED,NA,DRAFT_NOT_FROZEN,NOT_RUN
E1_BBRv1_BBRv1_C100_R20-40_Q2_rep04,E1_BBRv1_BBRv1_C100_R20-40_Q2,E1,冯宗林,BBRv1,BBRv1,100,20,40,2,20,250000,500000,FIFO_DRAFT,UNRESOLVED,off,0,180,30,30,180,4,UNRESOLVED,UNRESOLVED,UNASSIGNED,NA,DRAFT_NOT_FROZEN,NOT_RUN
E1_BBRv1_BBRv1_C100_R20-40_Q2_rep05,E1_BBRv1_BBRv1_C100_R20-40_Q2,E1,冯宗林,BBRv1,BBRv1,100,20,40,2,20,250000,500000,FIFO_DRAFT,UNRESOLVED,off,0,180,30,30,180,5,UNRESOLVED,UNRESOLVED,UNASSIGNED,NA,DRAFT_NOT_FROZEN,NOT_RUN
E1_BBRv1_BBRv1_C100_R20-40_Q10_rep01,E1_BBRv1_BBRv1_C100_R20-40_Q10,E1,刘馨月,BBRv1,BBRv1,100,20,40,10,20,250000,2500000,FIFO_DRAFT,UNRESOLVED,off,0,180,30,30,180,1,UNRESOLVED,UNRESOLVED,UNASSIGNED,NA,DRAFT_NOT_FROZEN,NOT_RUN
E1_BBRv1_BBRv1_C100_R20-40_Q10_rep02,E1_BBRv1_BBRv1_C100_R20-40_Q10,E1,刘馨月,BBRv1,BBRv1,100,20,40,10,20,250000,2500000,FIFO_DRAFT,UNRESOLVED,off,0,180,30,30,180,2,UNRESOLVED,UNRESOLVED,UNASSIGNED,NA,DRAFT_NOT_FROZEN,NOT_RUN
E1_BBRv1_BBRv1_C100_R20-40_Q10_rep03,E1_BBRv1_BBRv1_C100_R20-40_Q10,E1,刘馨月,BBRv1,BBRv1,100,20,40,10,20,250000,2500000,FIFO_DRAFT,UNRESOLVED,off,0,180,30,30,180,3,UNRESOLVED,UNRESOLVED,UNASSIGNED,NA,DRAFT_NOT_FROZEN,NOT_RUN
E1_BBRv1_BBRv1_C100_R20-40_Q10_rep04,E1_BBRv1_BBRv1_C100_R20-40_Q10,E1,刘馨月,BBRv1,BBRv1,100,20,40,10,20,250000,2500000,FIFO_DRAFT,UNRESOLVED,off,0,180,30,30,180,4,UNRESOLVED,UNRESOLVED,UNASSIGNED,NA,DRAFT_NOT_FROZEN,NOT_RUN
E1_BBRv1_BBRv1_C100_R20-40_Q10_rep05,E1_BBRv1_BBRv1_C100_R20-40_Q10,E1,刘馨月,BBRv1,BBRv1,100,20,40,10,20,250000,2500000,FIFO_DRAFT,UNRESOLVED,off,0,180,30,30,180,5,UNRESOLVED,UNRESOLVED,UNASSIGNED,NA,DRAFT_NOT_FROZEN,NOT_RUN
E1_BBRv1_BBRv1_C100_R20-80_Q0p5_rep01,E1_BBRv1_BBRv1_C100_R20-80_Q0p5,E1,刘馨月,BBRv1,BBRv1,100,20,80,0.5,20,250000,125000,FIFO_DRAFT,UNRESOLVED,off,0,180,30,30,180,1,UNRESOLVED,UNRESOLVED,UNASSIGNED,NA,DRAFT_NOT_FROZEN,NOT_RUN
E1_BBRv1_BBRv1_C100_R20-80_Q0p5_rep02,E1_BBRv1_BBRv1_C100_R20-80_Q0p5,E1,刘馨月,BBRv1,BBRv1,100,20,80,0.5,20,250000,125000,FIFO_DRAFT,UNRESOLVED,off,0,180,30,30,180,2,UNRESOLVED,UNRESOLVED,UNASSIGNED,NA,DRAFT_NOT_FROZEN,NOT_RUN
E1_BBRv1_BBRv1_C100_R20-80_Q0p5_rep03,E1_BBRv1_BBRv1_C100_R20-80_Q0p5,E1,刘馨月,BBRv1,BBRv1,100,20,80,0.5,20,250000,125000,FIFO_DRAFT,UNRESOLVED,off,0,180,30,30,180,3,UNRESOLVED,UNRESOLVED,UNASSIGNED,NA,DRAFT_NOT_FROZEN,NOT_RUN
E1_BBRv1_BBRv1_C100_R20-80_Q0p5_rep04,E1_BBRv1_BBRv1_C100_R20-80_Q0p5,E1,刘馨月,BBRv1,BBRv1,100,20,80,0.5,20,250000,125000,FIFO_DRAFT,UNRESOLVED,off,0,180,30,30,180,4,UNRESOLVED,UNRESOLVED,UNASSIGNED,NA,DRAFT_NOT_FROZEN,NOT_RUN
E1_BBRv1_BBRv1_C100_R20-80_Q0p5_rep05,E1_BBRv1_BBRv1_C100_R20-80_Q0p5,E1,刘馨月,BBRv1,BBRv1,100,20,80,0.5,20,250000,125000,FIFO_DRAFT,UNRESOLVED,off,0,180,30,30,180,5,UNRESOLVED,UNRESOLVED,UNASSIGNED,NA,DRAFT_NOT_FROZEN,NOT_RUN
E1_BBRv1_BBRv1_C100_R20-80_Q2_rep01,E1_BBRv1_BBRv1_C100_R20-80_Q2,E1,冯宗林,BBRv1,BBRv1,100,20,80,2,20,250000,500000,FIFO_DRAFT,UNRESOLVED,off,0,180,30,30,180,1,UNRESOLVED,UNRESOLVED,UNASSIGNED,NA,DRAFT_NOT_FROZEN,NOT_RUN
E1_BBRv1_BBRv1_C100_R20-80_Q2_rep02,E1_BBRv1_BBRv1_C100_R20-80_Q2,E1,冯宗林,BBRv1,BBRv1,100,20,80,2,20,250000,500000,FIFO_DRAFT,UNRESOLVED,off,0,180,30,30,180,2,UNRESOLVED,UNRESOLVED,UNASSIGNED,NA,DRAFT_NOT_FROZEN,NOT_RUN
E1_BBRv1_BBRv1_C100_R20-80_Q2_rep03,E1_BBRv1_BBRv1_C100_R20-80_Q2,E1,冯宗林,BBRv1,BBRv1,100,20,80,2,20,250000,500000,FIFO_DRAFT,UNRESOLVED,off,0,180,30,30,180,3,UNRESOLVED,UNRESOLVED,UNASSIGNED,NA,DRAFT_NOT_FROZEN,NOT_RUN
E1_BBRv1_BBRv1_C100_R20-80_Q2_rep04,E1_BBRv1_BBRv1_C100_R20-80_Q2,E1,冯宗林,BBRv1,BBRv1,100,20,80,2,20,250000,500000,FIFO_DRAFT,UNRESOLVED,off,0,180,30,30,180,4,UNRESOLVED,UNRESOLVED,UNASSIGNED,NA,DRAFT_NOT_FROZEN,NOT_RUN
E1_BBRv1_BBRv1_C100_R20-80_Q2_rep05,E1_BBRv1_BBRv1_C100_R20-80_Q2,E1,冯宗林,BBRv1,BBRv1,100,20,80,2,20,250000,500000,FIFO_DRAFT,UNRESOLVED,off,0,180,30,30,180,5,UNRESOLVED,UNRESOLVED,UNASSIGNED,NA,DRAFT_NOT_FROZEN,NOT_RUN
E1_BBRv1_BBRv1_C100_R20-80_Q10_rep01,E1_BBRv1_BBRv1_C100_R20-80_Q10,E1,刘馨月,BBRv1,BBRv1,100,20,80,10,20,250000,2500000,FIFO_DRAFT,UNRESOLVED,off,0,180,30,30,180,1,UNRESOLVED,UNRESOLVED,UNASSIGNED,NA,DRAFT_NOT_FROZEN,NOT_RUN
E1_BBRv1_BBRv1_C100_R20-80_Q10_rep02,E1_BBRv1_BBRv1_C100_R20-80_Q10,E1,刘馨月,BBRv1,BBRv1,100,20,80,10,20,250000,2500000,FIFO_DRAFT,UNRESOLVED,off,0,180,30,30,180,2,UNRESOLVED,UNRESOLVED,UNASSIGNED,NA,DRAFT_NOT_FROZEN,NOT_RUN
E1_BBRv1_BBRv1_C100_R20-80_Q10_rep03,E1_BBRv1_BBRv1_C100_R20-80_Q10,E1,刘馨月,BBRv1,BBRv1,100,20,80,10,20,250000,2500000,FIFO_DRAFT,UNRESOLVED,off,0,180,30,30,180,3,UNRESOLVED,UNRESOLVED,UNASSIGNED,NA,DRAFT_NOT_FROZEN,NOT_RUN
E1_BBRv1_BBRv1_C100_R20-80_Q10_rep04,E1_BBRv1_BBRv1_C100_R20-80_Q10,E1,刘馨月,BBRv1,BBRv1,100,20,80,10,20,250000,2500000,FIFO_DRAFT,UNRESOLVED,off,0,180,30,30,180,4,UNRESOLVED,UNRESOLVED,UNASSIGNED,NA,DRAFT_NOT_FROZEN,NOT_RUN
E1_BBRv1_BBRv1_C100_R20-80_Q10_rep05,E1_BBRv1_BBRv1_C100_R20-80_Q10,E1,刘馨月,BBRv1,BBRv1,100,20,80,10,20,250000,2500000,FIFO_DRAFT,UNRESOLVED,off,0,180,30,30,180,5,UNRESOLVED,UNRESOLVED,UNASSIGNED,NA,DRAFT_NOT_FROZEN,NOT_RUN
E2_BBRv1_CUBIC_C100_R20-20_Q0p5_rep01,E2_BBRv1_CUBIC_C100_R20-20_Q0p5,E2,刘馨月,BBRv1,CUBIC,100,20,20,0.5,20,250000,125000,FIFO_DRAFT,UNRESOLVED,off,0,180,30,30,180,1,UNRESOLVED,UNRESOLVED,UNASSIGNED,NA,DRAFT_NOT_FROZEN,NOT_RUN
E2_BBRv1_CUBIC_C100_R20-20_Q0p5_rep02,E2_BBRv1_CUBIC_C100_R20-20_Q0p5,E2,刘馨月,BBRv1,CUBIC,100,20,20,0.5,20,250000,125000,FIFO_DRAFT,UNRESOLVED,off,0,180,30,30,180,2,UNRESOLVED,UNRESOLVED,UNASSIGNED,NA,DRAFT_NOT_FROZEN,NOT_RUN
E2_BBRv1_CUBIC_C100_R20-20_Q0p5_rep03,E2_BBRv1_CUBIC_C100_R20-20_Q0p5,E2,刘馨月,BBRv1,CUBIC,100,20,20,0.5,20,250000,125000,FIFO_DRAFT,UNRESOLVED,off,0,180,30,30,180,3,UNRESOLVED,UNRESOLVED,UNASSIGNED,NA,DRAFT_NOT_FROZEN,NOT_RUN
E2_BBRv1_CUBIC_C100_R20-20_Q0p5_rep04,E2_BBRv1_CUBIC_C100_R20-20_Q0p5,E2,刘馨月,BBRv1,CUBIC,100,20,20,0.5,20,250000,125000,FIFO_DRAFT,UNRESOLVED,off,0,180,30,30,180,4,UNRESOLVED,UNRESOLVED,UNASSIGNED,NA,DRAFT_NOT_FROZEN,NOT_RUN
E2_BBRv1_CUBIC_C100_R20-20_Q0p5_rep05,E2_BBRv1_CUBIC_C100_R20-20_Q0p5,E2,刘馨月,BBRv1,CUBIC,100,20,20,0.5,20,250000,125000,FIFO_DRAFT,UNRESOLVED,off,0,180,30,30,180,5,UNRESOLVED,UNRESOLVED,UNASSIGNED,NA,DRAFT_NOT_FROZEN,NOT_RUN
E2_BBRv1_CUBIC_C100_R20-20_Q2_rep01,E2_BBRv1_CUBIC_C100_R20-20_Q2,E2,冯宗林,BBRv1,CUBIC,100,20,20,2,20,250000,500000,FIFO_DRAFT,UNRESOLVED,off,0,180,30,30,180,1,UNRESOLVED,UNRESOLVED,UNASSIGNED,NA,DRAFT_NOT_FROZEN,NOT_RUN
E2_BBRv1_CUBIC_C100_R20-20_Q2_rep02,E2_BBRv1_CUBIC_C100_R20-20_Q2,E2,冯宗林,BBRv1,CUBIC,100,20,20,2,20,250000,500000,FIFO_DRAFT,UNRESOLVED,off,0,180,30,30,180,2,UNRESOLVED,UNRESOLVED,UNASSIGNED,NA,DRAFT_NOT_FROZEN,NOT_RUN
E2_BBRv1_CUBIC_C100_R20-20_Q2_rep03,E2_BBRv1_CUBIC_C100_R20-20_Q2,E2,冯宗林,BBRv1,CUBIC,100,20,20,2,20,250000,500000,FIFO_DRAFT,UNRESOLVED,off,0,180,30,30,180,3,UNRESOLVED,UNRESOLVED,UNASSIGNED,NA,DRAFT_NOT_FROZEN,NOT_RUN
E2_BBRv1_CUBIC_C100_R20-20_Q2_rep04,E2_BBRv1_CUBIC_C100_R20-20_Q2,E2,冯宗林,BBRv1,CUBIC,100,20,20,2,20,250000,500000,FIFO_DRAFT,UNRESOLVED,off,0,180,30,30,180,4,UNRESOLVED,UNRESOLVED,UNASSIGNED,NA,DRAFT_NOT_FROZEN,NOT_RUN
E2_BBRv1_CUBIC_C100_R20-20_Q2_rep05,E2_BBRv1_CUBIC_C100_R20-20_Q2,E2,冯宗林,BBRv1,CUBIC,100,20,20,2,20,250000,500000,FIFO_DRAFT,UNRESOLVED,off,0,180,30,30,180,5,UNRESOLVED,UNRESOLVED,UNASSIGNED,NA,DRAFT_NOT_FROZEN,NOT_RUN
E2_BBRv1_CUBIC_C100_R20-20_Q10_rep01,E2_BBRv1_CUBIC_C100_R20-20_Q10,E2,刘馨月,BBRv1,CUBIC,100,20,20,10,20,250000,2500000,FIFO_DRAFT,UNRESOLVED,off,0,180,30,30,180,1,UNRESOLVED,UNRESOLVED,UNASSIGNED,NA,DRAFT_NOT_FROZEN,NOT_RUN
E2_BBRv1_CUBIC_C100_R20-20_Q10_rep02,E2_BBRv1_CUBIC_C100_R20-20_Q10,E2,刘馨月,BBRv1,CUBIC,100,20,20,10,20,250000,2500000,FIFO_DRAFT,UNRESOLVED,off,0,180,30,30,180,2,UNRESOLVED,UNRESOLVED,UNASSIGNED,NA,DRAFT_NOT_FROZEN,NOT_RUN
E2_BBRv1_CUBIC_C100_R20-20_Q10_rep03,E2_BBRv1_CUBIC_C100_R20-20_Q10,E2,刘馨月,BBRv1,CUBIC,100,20,20,10,20,250000,2500000,FIFO_DRAFT,UNRESOLVED,off,0,180,30,30,180,3,UNRESOLVED,UNRESOLVED,UNASSIGNED,NA,DRAFT_NOT_FROZEN,NOT_RUN
E2_BBRv1_CUBIC_C100_R20-20_Q10_rep04,E2_BBRv1_CUBIC_C100_R20-20_Q10,E2,刘馨月,BBRv1,CUBIC,100,20,20,10,20,250000,2500000,FIFO_DRAFT,UNRESOLVED,off,0,180,30,30,180,4,UNRESOLVED,UNRESOLVED,UNASSIGNED,NA,DRAFT_NOT_FROZEN,NOT_RUN
E2_BBRv1_CUBIC_C100_R20-20_Q10_rep05,E2_BBRv1_CUBIC_C100_R20-20_Q10,E2,刘馨月,BBRv1,CUBIC,100,20,20,10,20,250000,2500000,FIFO_DRAFT,UNRESOLVED,off,0,180,30,30,180,5,UNRESOLVED,UNRESOLVED,UNASSIGNED,NA,DRAFT_NOT_FROZEN,NOT_RUN
E1_BBRv2_BBRv2_C100_R20-20_Q0p5_rep01,E1_BBRv2_BBRv2_C100_R20-20_Q0p5,E1,刘馨月,BBRv2,BBRv2,100,20,20,0.5,20,250000,125000,FIFO_DRAFT,UNRESOLVED,off,0,180,30,30,180,1,UNRESOLVED,UNRESOLVED,UNASSIGNED,NA,DRAFT_NOT_FROZEN,NOT_RUN
E1_BBRv2_BBRv2_C100_R20-20_Q0p5_rep02,E1_BBRv2_BBRv2_C100_R20-20_Q0p5,E1,刘馨月,BBRv2,BBRv2,100,20,20,0.5,20,250000,125000,FIFO_DRAFT,UNRESOLVED,off,0,180,30,30,180,2,UNRESOLVED,UNRESOLVED,UNASSIGNED,NA,DRAFT_NOT_FROZEN,NOT_RUN
E1_BBRv2_BBRv2_C100_R20-20_Q0p5_rep03,E1_BBRv2_BBRv2_C100_R20-20_Q0p5,E1,刘馨月,BBRv2,BBRv2,100,20,20,0.5,20,250000,125000,FIFO_DRAFT,UNRESOLVED,off,0,180,30,30,180,3,UNRESOLVED,UNRESOLVED,UNASSIGNED,NA,DRAFT_NOT_FROZEN,NOT_RUN
E1_BBRv2_BBRv2_C100_R20-20_Q0p5_rep04,E1_BBRv2_BBRv2_C100_R20-20_Q0p5,E1,刘馨月,BBRv2,BBRv2,100,20,20,0.5,20,250000,125000,FIFO_DRAFT,UNRESOLVED,off,0,180,30,30,180,4,UNRESOLVED,UNRESOLVED,UNASSIGNED,NA,DRAFT_NOT_FROZEN,NOT_RUN
E1_BBRv2_BBRv2_C100_R20-20_Q0p5_rep05,E1_BBRv2_BBRv2_C100_R20-20_Q0p5,E1,刘馨月,BBRv2,BBRv2,100,20,20,0.5,20,250000,125000,FIFO_DRAFT,UNRESOLVED,off,0,180,30,30,180,5,UNRESOLVED,UNRESOLVED,UNASSIGNED,NA,DRAFT_NOT_FROZEN,NOT_RUN
E1_BBRv2_BBRv2_C100_R20-20_Q2_rep01,E1_BBRv2_BBRv2_C100_R20-20_Q2,E1,冯宗林,BBRv2,BBRv2,100,20,20,2,20,250000,500000,FIFO_DRAFT,UNRESOLVED,off,0,180,30,30,180,1,UNRESOLVED,UNRESOLVED,UNASSIGNED,NA,DRAFT_NOT_FROZEN,NOT_RUN
E1_BBRv2_BBRv2_C100_R20-20_Q2_rep02,E1_BBRv2_BBRv2_C100_R20-20_Q2,E1,冯宗林,BBRv2,BBRv2,100,20,20,2,20,250000,500000,FIFO_DRAFT,UNRESOLVED,off,0,180,30,30,180,2,UNRESOLVED,UNRESOLVED,UNASSIGNED,NA,DRAFT_NOT_FROZEN,NOT_RUN
E1_BBRv2_BBRv2_C100_R20-20_Q2_rep03,E1_BBRv2_BBRv2_C100_R20-20_Q2,E1,冯宗林,BBRv2,BBRv2,100,20,20,2,20,250000,500000,FIFO_DRAFT,UNRESOLVED,off,0,180,30,30,180,3,UNRESOLVED,UNRESOLVED,UNASSIGNED,NA,DRAFT_NOT_FROZEN,NOT_RUN
E1_BBRv2_BBRv2_C100_R20-20_Q2_rep04,E1_BBRv2_BBRv2_C100_R20-20_Q2,E1,冯宗林,BBRv2,BBRv2,100,20,20,2,20,250000,500000,FIFO_DRAFT,UNRESOLVED,off,0,180,30,30,180,4,UNRESOLVED,UNRESOLVED,UNASSIGNED,NA,DRAFT_NOT_FROZEN,NOT_RUN
E1_BBRv2_BBRv2_C100_R20-20_Q2_rep05,E1_BBRv2_BBRv2_C100_R20-20_Q2,E1,冯宗林,BBRv2,BBRv2,100,20,20,2,20,250000,500000,FIFO_DRAFT,UNRESOLVED,off,0,180,30,30,180,5,UNRESOLVED,UNRESOLVED,UNASSIGNED,NA,DRAFT_NOT_FROZEN,NOT_RUN
E1_BBRv2_BBRv2_C100_R20-20_Q10_rep01,E1_BBRv2_BBRv2_C100_R20-20_Q10,E1,刘馨月,BBRv2,BBRv2,100,20,20,10,20,250000,2500000,FIFO_DRAFT,UNRESOLVED,off,0,180,30,30,180,1,UNRESOLVED,UNRESOLVED,UNASSIGNED,NA,DRAFT_NOT_FROZEN,NOT_RUN
E1_BBRv2_BBRv2_C100_R20-20_Q10_rep02,E1_BBRv2_BBRv2_C100_R20-20_Q10,E1,刘馨月,BBRv2,BBRv2,100,20,20,10,20,250000,2500000,FIFO_DRAFT,UNRESOLVED,off,0,180,30,30,180,2,UNRESOLVED,UNRESOLVED,UNASSIGNED,NA,DRAFT_NOT_FROZEN,NOT_RUN
E1_BBRv2_BBRv2_C100_R20-20_Q10_rep03,E1_BBRv2_BBRv2_C100_R20-20_Q10,E1,刘馨月,BBRv2,BBRv2,100,20,20,10,20,250000,2500000,FIFO_DRAFT,UNRESOLVED,off,0,180,30,30,180,3,UNRESOLVED,UNRESOLVED,UNASSIGNED,NA,DRAFT_NOT_FROZEN,NOT_RUN
E1_BBRv2_BBRv2_C100_R20-20_Q10_rep04,E1_BBRv2_BBRv2_C100_R20-20_Q10,E1,刘馨月,BBRv2,BBRv2,100,20,20,10,20,250000,2500000,FIFO_DRAFT,UNRESOLVED,off,0,180,30,30,180,4,UNRESOLVED,UNRESOLVED,UNASSIGNED,NA,DRAFT_NOT_FROZEN,NOT_RUN
E1_BBRv2_BBRv2_C100_R20-20_Q10_rep05,E1_BBRv2_BBRv2_C100_R20-20_Q10,E1,刘馨月,BBRv2,BBRv2,100,20,20,10,20,250000,2500000,FIFO_DRAFT,UNRESOLVED,off,0,180,30,30,180,5,UNRESOLVED,UNRESOLVED,UNASSIGNED,NA,DRAFT_NOT_FROZEN,NOT_RUN
E1_BBRv2_BBRv2_C100_R20-40_Q0p5_rep01,E1_BBRv2_BBRv2_C100_R20-40_Q0p5,E1,刘馨月,BBRv2,BBRv2,100,20,40,0.5,20,250000,125000,FIFO_DRAFT,UNRESOLVED,off,0,180,30,30,180,1,UNRESOLVED,UNRESOLVED,UNASSIGNED,NA,DRAFT_NOT_FROZEN,NOT_RUN
E1_BBRv2_BBRv2_C100_R20-40_Q0p5_rep02,E1_BBRv2_BBRv2_C100_R20-40_Q0p5,E1,刘馨月,BBRv2,BBRv2,100,20,40,0.5,20,250000,125000,FIFO_DRAFT,UNRESOLVED,off,0,180,30,30,180,2,UNRESOLVED,UNRESOLVED,UNASSIGNED,NA,DRAFT_NOT_FROZEN,NOT_RUN
E1_BBRv2_BBRv2_C100_R20-40_Q0p5_rep03,E1_BBRv2_BBRv2_C100_R20-40_Q0p5,E1,刘馨月,BBRv2,BBRv2,100,20,40,0.5,20,250000,125000,FIFO_DRAFT,UNRESOLVED,off,0,180,30,30,180,3,UNRESOLVED,UNRESOLVED,UNASSIGNED,NA,DRAFT_NOT_FROZEN,NOT_RUN
E1_BBRv2_BBRv2_C100_R20-40_Q0p5_rep04,E1_BBRv2_BBRv2_C100_R20-40_Q0p5,E1,刘馨月,BBRv2,BBRv2,100,20,40,0.5,20,250000,125000,FIFO_DRAFT,UNRESOLVED,off,0,180,30,30,180,4,UNRESOLVED,UNRESOLVED,UNASSIGNED,NA,DRAFT_NOT_FROZEN,NOT_RUN
E1_BBRv2_BBRv2_C100_R20-40_Q0p5_rep05,E1_BBRv2_BBRv2_C100_R20-40_Q0p5,E1,刘馨月,BBRv2,BBRv2,100,20,40,0.5,20,250000,125000,FIFO_DRAFT,UNRESOLVED,off,0,180,30,30,180,5,UNRESOLVED,UNRESOLVED,UNASSIGNED,NA,DRAFT_NOT_FROZEN,NOT_RUN
E1_BBRv2_BBRv2_C100_R20-40_Q2_rep01,E1_BBRv2_BBRv2_C100_R20-40_Q2,E1,冯宗林,BBRv2,BBRv2,100,20,40,2,20,250000,500000,FIFO_DRAFT,UNRESOLVED,off,0,180,30,30,180,1,UNRESOLVED,UNRESOLVED,UNASSIGNED,NA,DRAFT_NOT_FROZEN,NOT_RUN
E1_BBRv2_BBRv2_C100_R20-40_Q2_rep02,E1_BBRv2_BBRv2_C100_R20-40_Q2,E1,冯宗林,BBRv2,BBRv2,100,20,40,2,20,250000,500000,FIFO_DRAFT,UNRESOLVED,off,0,180,30,30,180,2,UNRESOLVED,UNRESOLVED,UNASSIGNED,NA,DRAFT_NOT_FROZEN,NOT_RUN
E1_BBRv2_BBRv2_C100_R20-40_Q2_rep03,E1_BBRv2_BBRv2_C100_R20-40_Q2,E1,冯宗林,BBRv2,BBRv2,100,20,40,2,20,250000,500000,FIFO_DRAFT,UNRESOLVED,off,0,180,30,30,180,3,UNRESOLVED,UNRESOLVED,UNASSIGNED,NA,DRAFT_NOT_FROZEN,NOT_RUN
E1_BBRv2_BBRv2_C100_R20-40_Q2_rep04,E1_BBRv2_BBRv2_C100_R20-40_Q2,E1,冯宗林,BBRv2,BBRv2,100,20,40,2,20,250000,500000,FIFO_DRAFT,UNRESOLVED,off,0,180,30,30,180,4,UNRESOLVED,UNRESOLVED,UNASSIGNED,NA,DRAFT_NOT_FROZEN,NOT_RUN
E1_BBRv2_BBRv2_C100_R20-40_Q2_rep05,E1_BBRv2_BBRv2_C100_R20-40_Q2,E1,冯宗林,BBRv2,BBRv2,100,20,40,2,20,250000,500000,FIFO_DRAFT,UNRESOLVED,off,0,180,30,30,180,5,UNRESOLVED,UNRESOLVED,UNASSIGNED,NA,DRAFT_NOT_FROZEN,NOT_RUN
E1_BBRv2_BBRv2_C100_R20-40_Q10_rep01,E1_BBRv2_BBRv2_C100_R20-40_Q10,E1,刘馨月,BBRv2,BBRv2,100,20,40,10,20,250000,2500000,FIFO_DRAFT,UNRESOLVED,off,0,180,30,30,180,1,UNRESOLVED,UNRESOLVED,UNASSIGNED,NA,DRAFT_NOT_FROZEN,NOT_RUN
E1_BBRv2_BBRv2_C100_R20-40_Q10_rep02,E1_BBRv2_BBRv2_C100_R20-40_Q10,E1,刘馨月,BBRv2,BBRv2,100,20,40,10,20,250000,2500000,FIFO_DRAFT,UNRESOLVED,off,0,180,30,30,180,2,UNRESOLVED,UNRESOLVED,UNASSIGNED,NA,DRAFT_NOT_FROZEN,NOT_RUN
E1_BBRv2_BBRv2_C100_R20-40_Q10_rep03,E1_BBRv2_BBRv2_C100_R20-40_Q10,E1,刘馨月,BBRv2,BBRv2,100,20,40,10,20,250000,2500000,FIFO_DRAFT,UNRESOLVED,off,0,180,30,30,180,3,UNRESOLVED,UNRESOLVED,UNASSIGNED,NA,DRAFT_NOT_FROZEN,NOT_RUN
E1_BBRv2_BBRv2_C100_R20-40_Q10_rep04,E1_BBRv2_BBRv2_C100_R20-40_Q10,E1,刘馨月,BBRv2,BBRv2,100,20,40,10,20,250000,2500000,FIFO_DRAFT,UNRESOLVED,off,0,180,30,30,180,4,UNRESOLVED,UNRESOLVED,UNASSIGNED,NA,DRAFT_NOT_FROZEN,NOT_RUN
E1_BBRv2_BBRv2_C100_R20-40_Q10_rep05,E1_BBRv2_BBRv2_C100_R20-40_Q10,E1,刘馨月,BBRv2,BBRv2,100,20,40,10,20,250000,2500000,FIFO_DRAFT,UNRESOLVED,off,0,180,30,30,180,5,UNRESOLVED,UNRESOLVED,UNASSIGNED,NA,DRAFT_NOT_FROZEN,NOT_RUN
E1_BBRv2_BBRv2_C100_R20-80_Q0p5_rep01,E1_BBRv2_BBRv2_C100_R20-80_Q0p5,E1,刘馨月,BBRv2,BBRv2,100,20,80,0.5,20,250000,125000,FIFO_DRAFT,UNRESOLVED,off,0,180,30,30,180,1,UNRESOLVED,UNRESOLVED,UNASSIGNED,NA,DRAFT_NOT_FROZEN,NOT_RUN
E1_BBRv2_BBRv2_C100_R20-80_Q0p5_rep02,E1_BBRv2_BBRv2_C100_R20-80_Q0p5,E1,刘馨月,BBRv2,BBRv2,100,20,80,0.5,20,250000,125000,FIFO_DRAFT,UNRESOLVED,off,0,180,30,30,180,2,UNRESOLVED,UNRESOLVED,UNASSIGNED,NA,DRAFT_NOT_FROZEN,NOT_RUN
E1_BBRv2_BBRv2_C100_R20-80_Q0p5_rep03,E1_BBRv2_BBRv2_C100_R20-80_Q0p5,E1,刘馨月,BBRv2,BBRv2,100,20,80,0.5,20,250000,125000,FIFO_DRAFT,UNRESOLVED,off,0,180,30,30,180,3,UNRESOLVED,UNRESOLVED,UNASSIGNED,NA,DRAFT_NOT_FROZEN,NOT_RUN
E1_BBRv2_BBRv2_C100_R20-80_Q0p5_rep04,E1_BBRv2_BBRv2_C100_R20-80_Q0p5,E1,刘馨月,BBRv2,BBRv2,100,20,80,0.5,20,250000,125000,FIFO_DRAFT,UNRESOLVED,off,0,180,30,30,180,4,UNRESOLVED,UNRESOLVED,UNASSIGNED,NA,DRAFT_NOT_FROZEN,NOT_RUN
E1_BBRv2_BBRv2_C100_R20-80_Q0p5_rep05,E1_BBRv2_BBRv2_C100_R20-80_Q0p5,E1,刘馨月,BBRv2,BBRv2,100,20,80,0.5,20,250000,125000,FIFO_DRAFT,UNRESOLVED,off,0,180,30,30,180,5,UNRESOLVED,UNRESOLVED,UNASSIGNED,NA,DRAFT_NOT_FROZEN,NOT_RUN
E1_BBRv2_BBRv2_C100_R20-80_Q2_rep01,E1_BBRv2_BBRv2_C100_R20-80_Q2,E1,冯宗林,BBRv2,BBRv2,100,20,80,2,20,250000,500000,FIFO_DRAFT,UNRESOLVED,off,0,180,30,30,180,1,UNRESOLVED,UNRESOLVED,UNASSIGNED,NA,DRAFT_NOT_FROZEN,NOT_RUN
E1_BBRv2_BBRv2_C100_R20-80_Q2_rep02,E1_BBRv2_BBRv2_C100_R20-80_Q2,E1,冯宗林,BBRv2,BBRv2,100,20,80,2,20,250000,500000,FIFO_DRAFT,UNRESOLVED,off,0,180,30,30,180,2,UNRESOLVED,UNRESOLVED,UNASSIGNED,NA,DRAFT_NOT_FROZEN,NOT_RUN
E1_BBRv2_BBRv2_C100_R20-80_Q2_rep03,E1_BBRv2_BBRv2_C100_R20-80_Q2,E1,冯宗林,BBRv2,BBRv2,100,20,80,2,20,250000,500000,FIFO_DRAFT,UNRESOLVED,off,0,180,30,30,180,3,UNRESOLVED,UNRESOLVED,UNASSIGNED,NA,DRAFT_NOT_FROZEN,NOT_RUN
E1_BBRv2_BBRv2_C100_R20-80_Q2_rep04,E1_BBRv2_BBRv2_C100_R20-80_Q2,E1,冯宗林,BBRv2,BBRv2,100,20,80,2,20,250000,500000,FIFO_DRAFT,UNRESOLVED,off,0,180,30,30,180,4,UNRESOLVED,UNRESOLVED,UNASSIGNED,NA,DRAFT_NOT_FROZEN,NOT_RUN
E1_BBRv2_BBRv2_C100_R20-80_Q2_rep05,E1_BBRv2_BBRv2_C100_R20-80_Q2,E1,冯宗林,BBRv2,BBRv2,100,20,80,2,20,250000,500000,FIFO_DRAFT,UNRESOLVED,off,0,180,30,30,180,5,UNRESOLVED,UNRESOLVED,UNASSIGNED,NA,DRAFT_NOT_FROZEN,NOT_RUN
E1_BBRv2_BBRv2_C100_R20-80_Q10_rep01,E1_BBRv2_BBRv2_C100_R20-80_Q10,E1,刘馨月,BBRv2,BBRv2,100,20,80,10,20,250000,2500000,FIFO_DRAFT,UNRESOLVED,off,0,180,30,30,180,1,UNRESOLVED,UNRESOLVED,UNASSIGNED,NA,DRAFT_NOT_FROZEN,NOT_RUN
E1_BBRv2_BBRv2_C100_R20-80_Q10_rep02,E1_BBRv2_BBRv2_C100_R20-80_Q10,E1,刘馨月,BBRv2,BBRv2,100,20,80,10,20,250000,2500000,FIFO_DRAFT,UNRESOLVED,off,0,180,30,30,180,2,UNRESOLVED,UNRESOLVED,UNASSIGNED,NA,DRAFT_NOT_FROZEN,NOT_RUN
E1_BBRv2_BBRv2_C100_R20-80_Q10_rep03,E1_BBRv2_BBRv2_C100_R20-80_Q10,E1,刘馨月,BBRv2,BBRv2,100,20,80,10,20,250000,2500000,FIFO_DRAFT,UNRESOLVED,off,0,180,30,30,180,3,UNRESOLVED,UNRESOLVED,UNASSIGNED,NA,DRAFT_NOT_FROZEN,NOT_RUN
E1_BBRv2_BBRv2_C100_R20-80_Q10_rep04,E1_BBRv2_BBRv2_C100_R20-80_Q10,E1,刘馨月,BBRv2,BBRv2,100,20,80,10,20,250000,2500000,FIFO_DRAFT,UNRESOLVED,off,0,180,30,30,180,4,UNRESOLVED,UNRESOLVED,UNASSIGNED,NA,DRAFT_NOT_FROZEN,NOT_RUN
E1_BBRv2_BBRv2_C100_R20-80_Q10_rep05,E1_BBRv2_BBRv2_C100_R20-80_Q10,E1,刘馨月,BBRv2,BBRv2,100,20,80,10,20,250000,2500000,FIFO_DRAFT,UNRESOLVED,off,0,180,30,30,180,5,UNRESOLVED,UNRESOLVED,UNASSIGNED,NA,DRAFT_NOT_FROZEN,NOT_RUN
E2_BBRv2_CUBIC_C100_R20-20_Q0p5_rep01,E2_BBRv2_CUBIC_C100_R20-20_Q0p5,E2,刘馨月,BBRv2,CUBIC,100,20,20,0.5,20,250000,125000,FIFO_DRAFT,UNRESOLVED,off,0,180,30,30,180,1,UNRESOLVED,UNRESOLVED,UNASSIGNED,NA,DRAFT_NOT_FROZEN,NOT_RUN
E2_BBRv2_CUBIC_C100_R20-20_Q0p5_rep02,E2_BBRv2_CUBIC_C100_R20-20_Q0p5,E2,刘馨月,BBRv2,CUBIC,100,20,20,0.5,20,250000,125000,FIFO_DRAFT,UNRESOLVED,off,0,180,30,30,180,2,UNRESOLVED,UNRESOLVED,UNASSIGNED,NA,DRAFT_NOT_FROZEN,NOT_RUN
E2_BBRv2_CUBIC_C100_R20-20_Q0p5_rep03,E2_BBRv2_CUBIC_C100_R20-20_Q0p5,E2,刘馨月,BBRv2,CUBIC,100,20,20,0.5,20,250000,125000,FIFO_DRAFT,UNRESOLVED,off,0,180,30,30,180,3,UNRESOLVED,UNRESOLVED,UNASSIGNED,NA,DRAFT_NOT_FROZEN,NOT_RUN
E2_BBRv2_CUBIC_C100_R20-20_Q0p5_rep04,E2_BBRv2_CUBIC_C100_R20-20_Q0p5,E2,刘馨月,BBRv2,CUBIC,100,20,20,0.5,20,250000,125000,FIFO_DRAFT,UNRESOLVED,off,0,180,30,30,180,4,UNRESOLVED,UNRESOLVED,UNASSIGNED,NA,DRAFT_NOT_FROZEN,NOT_RUN
E2_BBRv2_CUBIC_C100_R20-20_Q0p5_rep05,E2_BBRv2_CUBIC_C100_R20-20_Q0p5,E2,刘馨月,BBRv2,CUBIC,100,20,20,0.5,20,250000,125000,FIFO_DRAFT,UNRESOLVED,off,0,180,30,30,180,5,UNRESOLVED,UNRESOLVED,UNASSIGNED,NA,DRAFT_NOT_FROZEN,NOT_RUN
E2_BBRv2_CUBIC_C100_R20-20_Q2_rep01,E2_BBRv2_CUBIC_C100_R20-20_Q2,E2,冯宗林,BBRv2,CUBIC,100,20,20,2,20,250000,500000,FIFO_DRAFT,UNRESOLVED,off,0,180,30,30,180,1,UNRESOLVED,UNRESOLVED,UNASSIGNED,NA,DRAFT_NOT_FROZEN,NOT_RUN
E2_BBRv2_CUBIC_C100_R20-20_Q2_rep02,E2_BBRv2_CUBIC_C100_R20-20_Q2,E2,冯宗林,BBRv2,CUBIC,100,20,20,2,20,250000,500000,FIFO_DRAFT,UNRESOLVED,off,0,180,30,30,180,2,UNRESOLVED,UNRESOLVED,UNASSIGNED,NA,DRAFT_NOT_FROZEN,NOT_RUN
E2_BBRv2_CUBIC_C100_R20-20_Q2_rep03,E2_BBRv2_CUBIC_C100_R20-20_Q2,E2,冯宗林,BBRv2,CUBIC,100,20,20,2,20,250000,500000,FIFO_DRAFT,UNRESOLVED,off,0,180,30,30,180,3,UNRESOLVED,UNRESOLVED,UNASSIGNED,NA,DRAFT_NOT_FROZEN,NOT_RUN
E2_BBRv2_CUBIC_C100_R20-20_Q2_rep04,E2_BBRv2_CUBIC_C100_R20-20_Q2,E2,冯宗林,BBRv2,CUBIC,100,20,20,2,20,250000,500000,FIFO_DRAFT,UNRESOLVED,off,0,180,30,30,180,4,UNRESOLVED,UNRESOLVED,UNASSIGNED,NA,DRAFT_NOT_FROZEN,NOT_RUN
E2_BBRv2_CUBIC_C100_R20-20_Q2_rep05,E2_BBRv2_CUBIC_C100_R20-20_Q2,E2,冯宗林,BBRv2,CUBIC,100,20,20,2,20,250000,500000,FIFO_DRAFT,UNRESOLVED,off,0,180,30,30,180,5,UNRESOLVED,UNRESOLVED,UNASSIGNED,NA,DRAFT_NOT_FROZEN,NOT_RUN
E2_BBRv2_CUBIC_C100_R20-20_Q10_rep01,E2_BBRv2_CUBIC_C100_R20-20_Q10,E2,刘馨月,BBRv2,CUBIC,100,20,20,10,20,250000,2500000,FIFO_DRAFT,UNRESOLVED,off,0,180,30,30,180,1,UNRESOLVED,UNRESOLVED,UNASSIGNED,NA,DRAFT_NOT_FROZEN,NOT_RUN
E2_BBRv2_CUBIC_C100_R20-20_Q10_rep02,E2_BBRv2_CUBIC_C100_R20-20_Q10,E2,刘馨月,BBRv2,CUBIC,100,20,20,10,20,250000,2500000,FIFO_DRAFT,UNRESOLVED,off,0,180,30,30,180,2,UNRESOLVED,UNRESOLVED,UNASSIGNED,NA,DRAFT_NOT_FROZEN,NOT_RUN
E2_BBRv2_CUBIC_C100_R20-20_Q10_rep03,E2_BBRv2_CUBIC_C100_R20-20_Q10,E2,刘馨月,BBRv2,CUBIC,100,20,20,10,20,250000,2500000,FIFO_DRAFT,UNRESOLVED,off,0,180,30,30,180,3,UNRESOLVED,UNRESOLVED,UNASSIGNED,NA,DRAFT_NOT_FROZEN,NOT_RUN
E2_BBRv2_CUBIC_C100_R20-20_Q10_rep04,E2_BBRv2_CUBIC_C100_R20-20_Q10,E2,刘馨月,BBRv2,CUBIC,100,20,20,10,20,250000,2500000,FIFO_DRAFT,UNRESOLVED,off,0,180,30,30,180,4,UNRESOLVED,UNRESOLVED,UNASSIGNED,NA,DRAFT_NOT_FROZEN,NOT_RUN
E2_BBRv2_CUBIC_C100_R20-20_Q10_rep05,E2_BBRv2_CUBIC_C100_R20-20_Q10,E2,刘馨月,BBRv2,CUBIC,100,20,20,10,20,250000,2500000,FIFO_DRAFT,UNRESOLVED,off,0,180,30,30,180,5,UNRESOLVED,UNRESOLVED,UNASSIGNED,NA,DRAFT_NOT_FROZEN,NOT_RUN
E1_BBRv3_BBRv3_C100_R20-20_Q0p5_rep01,E1_BBRv3_BBRv3_C100_R20-20_Q0p5,E1,刘馨月,BBRv3,BBRv3,100,20,20,0.5,20,250000,125000,FIFO_DRAFT,UNRESOLVED,off,0,180,30,30,180,1,UNRESOLVED,UNRESOLVED,UNASSIGNED,NA,DRAFT_NOT_FROZEN,NOT_RUN
E1_BBRv3_BBRv3_C100_R20-20_Q0p5_rep02,E1_BBRv3_BBRv3_C100_R20-20_Q0p5,E1,刘馨月,BBRv3,BBRv3,100,20,20,0.5,20,250000,125000,FIFO_DRAFT,UNRESOLVED,off,0,180,30,30,180,2,UNRESOLVED,UNRESOLVED,UNASSIGNED,NA,DRAFT_NOT_FROZEN,NOT_RUN
E1_BBRv3_BBRv3_C100_R20-20_Q0p5_rep03,E1_BBRv3_BBRv3_C100_R20-20_Q0p5,E1,刘馨月,BBRv3,BBRv3,100,20,20,0.5,20,250000,125000,FIFO_DRAFT,UNRESOLVED,off,0,180,30,30,180,3,UNRESOLVED,UNRESOLVED,UNASSIGNED,NA,DRAFT_NOT_FROZEN,NOT_RUN
E1_BBRv3_BBRv3_C100_R20-20_Q0p5_rep04,E1_BBRv3_BBRv3_C100_R20-20_Q0p5,E1,刘馨月,BBRv3,BBRv3,100,20,20,0.5,20,250000,125000,FIFO_DRAFT,UNRESOLVED,off,0,180,30,30,180,4,UNRESOLVED,UNRESOLVED,UNASSIGNED,NA,DRAFT_NOT_FROZEN,NOT_RUN
E1_BBRv3_BBRv3_C100_R20-20_Q0p5_rep05,E1_BBRv3_BBRv3_C100_R20-20_Q0p5,E1,刘馨月,BBRv3,BBRv3,100,20,20,0.5,20,250000,125000,FIFO_DRAFT,UNRESOLVED,off,0,180,30,30,180,5,UNRESOLVED,UNRESOLVED,UNASSIGNED,NA,DRAFT_NOT_FROZEN,NOT_RUN
E1_BBRv3_BBRv3_C100_R20-20_Q2_rep01,E1_BBRv3_BBRv3_C100_R20-20_Q2,E1,冯宗林,BBRv3,BBRv3,100,20,20,2,20,250000,500000,FIFO_DRAFT,UNRESOLVED,off,0,180,30,30,180,1,UNRESOLVED,UNRESOLVED,UNASSIGNED,NA,DRAFT_NOT_FROZEN,NOT_RUN
E1_BBRv3_BBRv3_C100_R20-20_Q2_rep02,E1_BBRv3_BBRv3_C100_R20-20_Q2,E1,冯宗林,BBRv3,BBRv3,100,20,20,2,20,250000,500000,FIFO_DRAFT,UNRESOLVED,off,0,180,30,30,180,2,UNRESOLVED,UNRESOLVED,UNASSIGNED,NA,DRAFT_NOT_FROZEN,NOT_RUN
E1_BBRv3_BBRv3_C100_R20-20_Q2_rep03,E1_BBRv3_BBRv3_C100_R20-20_Q2,E1,冯宗林,BBRv3,BBRv3,100,20,20,2,20,250000,500000,FIFO_DRAFT,UNRESOLVED,off,0,180,30,30,180,3,UNRESOLVED,UNRESOLVED,UNASSIGNED,NA,DRAFT_NOT_FROZEN,NOT_RUN
E1_BBRv3_BBRv3_C100_R20-20_Q2_rep04,E1_BBRv3_BBRv3_C100_R20-20_Q2,E1,冯宗林,BBRv3,BBRv3,100,20,20,2,20,250000,500000,FIFO_DRAFT,UNRESOLVED,off,0,180,30,30,180,4,UNRESOLVED,UNRESOLVED,UNASSIGNED,NA,DRAFT_NOT_FROZEN,NOT_RUN
E1_BBRv3_BBRv3_C100_R20-20_Q2_rep05,E1_BBRv3_BBRv3_C100_R20-20_Q2,E1,冯宗林,BBRv3,BBRv3,100,20,20,2,20,250000,500000,FIFO_DRAFT,UNRESOLVED,off,0,180,30,30,180,5,UNRESOLVED,UNRESOLVED,UNASSIGNED,NA,DRAFT_NOT_FROZEN,NOT_RUN
E1_BBRv3_BBRv3_C100_R20-20_Q10_rep01,E1_BBRv3_BBRv3_C100_R20-20_Q10,E1,刘馨月,BBRv3,BBRv3,100,20,20,10,20,250000,2500000,FIFO_DRAFT,UNRESOLVED,off,0,180,30,30,180,1,UNRESOLVED,UNRESOLVED,UNASSIGNED,NA,DRAFT_NOT_FROZEN,NOT_RUN
E1_BBRv3_BBRv3_C100_R20-20_Q10_rep02,E1_BBRv3_BBRv3_C100_R20-20_Q10,E1,刘馨月,BBRv3,BBRv3,100,20,20,10,20,250000,2500000,FIFO_DRAFT,UNRESOLVED,off,0,180,30,30,180,2,UNRESOLVED,UNRESOLVED,UNASSIGNED,NA,DRAFT_NOT_FROZEN,NOT_RUN
E1_BBRv3_BBRv3_C100_R20-20_Q10_rep03,E1_BBRv3_BBRv3_C100_R20-20_Q10,E1,刘馨月,BBRv3,BBRv3,100,20,20,10,20,250000,2500000,FIFO_DRAFT,UNRESOLVED,off,0,180,30,30,180,3,UNRESOLVED,UNRESOLVED,UNASSIGNED,NA,DRAFT_NOT_FROZEN,NOT_RUN
E1_BBRv3_BBRv3_C100_R20-20_Q10_rep04,E1_BBRv3_BBRv3_C100_R20-20_Q10,E1,刘馨月,BBRv3,BBRv3,100,20,20,10,20,250000,2500000,FIFO_DRAFT,UNRESOLVED,off,0,180,30,30,180,4,UNRESOLVED,UNRESOLVED,UNASSIGNED,NA,DRAFT_NOT_FROZEN,NOT_RUN
E1_BBRv3_BBRv3_C100_R20-20_Q10_rep05,E1_BBRv3_BBRv3_C100_R20-20_Q10,E1,刘馨月,BBRv3,BBRv3,100,20,20,10,20,250000,2500000,FIFO_DRAFT,UNRESOLVED,off,0,180,30,30,180,5,UNRESOLVED,UNRESOLVED,UNASSIGNED,NA,DRAFT_NOT_FROZEN,NOT_RUN
E1_BBRv3_BBRv3_C100_R20-40_Q0p5_rep01,E1_BBRv3_BBRv3_C100_R20-40_Q0p5,E1,刘馨月,BBRv3,BBRv3,100,20,40,0.5,20,250000,125000,FIFO_DRAFT,UNRESOLVED,off,0,180,30,30,180,1,UNRESOLVED,UNRESOLVED,UNASSIGNED,NA,DRAFT_NOT_FROZEN,NOT_RUN
E1_BBRv3_BBRv3_C100_R20-40_Q0p5_rep02,E1_BBRv3_BBRv3_C100_R20-40_Q0p5,E1,刘馨月,BBRv3,BBRv3,100,20,40,0.5,20,250000,125000,FIFO_DRAFT,UNRESOLVED,off,0,180,30,30,180,2,UNRESOLVED,UNRESOLVED,UNASSIGNED,NA,DRAFT_NOT_FROZEN,NOT_RUN
E1_BBRv3_BBRv3_C100_R20-40_Q0p5_rep03,E1_BBRv3_BBRv3_C100_R20-40_Q0p5,E1,刘馨月,BBRv3,BBRv3,100,20,40,0.5,20,250000,125000,FIFO_DRAFT,UNRESOLVED,off,0,180,30,30,180,3,UNRESOLVED,UNRESOLVED,UNASSIGNED,NA,DRAFT_NOT_FROZEN,NOT_RUN
E1_BBRv3_BBRv3_C100_R20-40_Q0p5_rep04,E1_BBRv3_BBRv3_C100_R20-40_Q0p5,E1,刘馨月,BBRv3,BBRv3,100,20,40,0.5,20,250000,125000,FIFO_DRAFT,UNRESOLVED,off,0,180,30,30,180,4,UNRESOLVED,UNRESOLVED,UNASSIGNED,NA,DRAFT_NOT_FROZEN,NOT_RUN
E1_BBRv3_BBRv3_C100_R20-40_Q0p5_rep05,E1_BBRv3_BBRv3_C100_R20-40_Q0p5,E1,刘馨月,BBRv3,BBRv3,100,20,40,0.5,20,250000,125000,FIFO_DRAFT,UNRESOLVED,off,0,180,30,30,180,5,UNRESOLVED,UNRESOLVED,UNASSIGNED,NA,DRAFT_NOT_FROZEN,NOT_RUN
E1_BBRv3_BBRv3_C100_R20-40_Q2_rep01,E1_BBRv3_BBRv3_C100_R20-40_Q2,E1,冯宗林,BBRv3,BBRv3,100,20,40,2,20,250000,500000,FIFO_DRAFT,UNRESOLVED,off,0,180,30,30,180,1,UNRESOLVED,UNRESOLVED,UNASSIGNED,NA,DRAFT_NOT_FROZEN,NOT_RUN
E1_BBRv3_BBRv3_C100_R20-40_Q2_rep02,E1_BBRv3_BBRv3_C100_R20-40_Q2,E1,冯宗林,BBRv3,BBRv3,100,20,40,2,20,250000,500000,FIFO_DRAFT,UNRESOLVED,off,0,180,30,30,180,2,UNRESOLVED,UNRESOLVED,UNASSIGNED,NA,DRAFT_NOT_FROZEN,NOT_RUN
E1_BBRv3_BBRv3_C100_R20-40_Q2_rep03,E1_BBRv3_BBRv3_C100_R20-40_Q2,E1,冯宗林,BBRv3,BBRv3,100,20,40,2,20,250000,500000,FIFO_DRAFT,UNRESOLVED,off,0,180,30,30,180,3,UNRESOLVED,UNRESOLVED,UNASSIGNED,NA,DRAFT_NOT_FROZEN,NOT_RUN
E1_BBRv3_BBRv3_C100_R20-40_Q2_rep04,E1_BBRv3_BBRv3_C100_R20-40_Q2,E1,冯宗林,BBRv3,BBRv3,100,20,40,2,20,250000,500000,FIFO_DRAFT,UNRESOLVED,off,0,180,30,30,180,4,UNRESOLVED,UNRESOLVED,UNASSIGNED,NA,DRAFT_NOT_FROZEN,NOT_RUN
E1_BBRv3_BBRv3_C100_R20-40_Q2_rep05,E1_BBRv3_BBRv3_C100_R20-40_Q2,E1,冯宗林,BBRv3,BBRv3,100,20,40,2,20,250000,500000,FIFO_DRAFT,UNRESOLVED,off,0,180,30,30,180,5,UNRESOLVED,UNRESOLVED,UNASSIGNED,NA,DRAFT_NOT_FROZEN,NOT_RUN
E1_BBRv3_BBRv3_C100_R20-40_Q10_rep01,E1_BBRv3_BBRv3_C100_R20-40_Q10,E1,刘馨月,BBRv3,BBRv3,100,20,40,10,20,250000,2500000,FIFO_DRAFT,UNRESOLVED,off,0,180,30,30,180,1,UNRESOLVED,UNRESOLVED,UNASSIGNED,NA,DRAFT_NOT_FROZEN,NOT_RUN
E1_BBRv3_BBRv3_C100_R20-40_Q10_rep02,E1_BBRv3_BBRv3_C100_R20-40_Q10,E1,刘馨月,BBRv3,BBRv3,100,20,40,10,20,250000,2500000,FIFO_DRAFT,UNRESOLVED,off,0,180,30,30,180,2,UNRESOLVED,UNRESOLVED,UNASSIGNED,NA,DRAFT_NOT_FROZEN,NOT_RUN
E1_BBRv3_BBRv3_C100_R20-40_Q10_rep03,E1_BBRv3_BBRv3_C100_R20-40_Q10,E1,刘馨月,BBRv3,BBRv3,100,20,40,10,20,250000,2500000,FIFO_DRAFT,UNRESOLVED,off,0,180,30,30,180,3,UNRESOLVED,UNRESOLVED,UNASSIGNED,NA,DRAFT_NOT_FROZEN,NOT_RUN
E1_BBRv3_BBRv3_C100_R20-40_Q10_rep04,E1_BBRv3_BBRv3_C100_R20-40_Q10,E1,刘馨月,BBRv3,BBRv3,100,20,40,10,20,250000,2500000,FIFO_DRAFT,UNRESOLVED,off,0,180,30,30,180,4,UNRESOLVED,UNRESOLVED,UNASSIGNED,NA,DRAFT_NOT_FROZEN,NOT_RUN
E1_BBRv3_BBRv3_C100_R20-40_Q10_rep05,E1_BBRv3_BBRv3_C100_R20-40_Q10,E1,刘馨月,BBRv3,BBRv3,100,20,40,10,20,250000,2500000,FIFO_DRAFT,UNRESOLVED,off,0,180,30,30,180,5,UNRESOLVED,UNRESOLVED,UNASSIGNED,NA,DRAFT_NOT_FROZEN,NOT_RUN
E1_BBRv3_BBRv3_C100_R20-80_Q0p5_rep01,E1_BBRv3_BBRv3_C100_R20-80_Q0p5,E1,刘馨月,BBRv3,BBRv3,100,20,80,0.5,20,250000,125000,FIFO_DRAFT,UNRESOLVED,off,0,180,30,30,180,1,UNRESOLVED,UNRESOLVED,UNASSIGNED,NA,DRAFT_NOT_FROZEN,NOT_RUN
E1_BBRv3_BBRv3_C100_R20-80_Q0p5_rep02,E1_BBRv3_BBRv3_C100_R20-80_Q0p5,E1,刘馨月,BBRv3,BBRv3,100,20,80,0.5,20,250000,125000,FIFO_DRAFT,UNRESOLVED,off,0,180,30,30,180,2,UNRESOLVED,UNRESOLVED,UNASSIGNED,NA,DRAFT_NOT_FROZEN,NOT_RUN
E1_BBRv3_BBRv3_C100_R20-80_Q0p5_rep03,E1_BBRv3_BBRv3_C100_R20-80_Q0p5,E1,刘馨月,BBRv3,BBRv3,100,20,80,0.5,20,250000,125000,FIFO_DRAFT,UNRESOLVED,off,0,180,30,30,180,3,UNRESOLVED,UNRESOLVED,UNASSIGNED,NA,DRAFT_NOT_FROZEN,NOT_RUN
E1_BBRv3_BBRv3_C100_R20-80_Q0p5_rep04,E1_BBRv3_BBRv3_C100_R20-80_Q0p5,E1,刘馨月,BBRv3,BBRv3,100,20,80,0.5,20,250000,125000,FIFO_DRAFT,UNRESOLVED,off,0,180,30,30,180,4,UNRESOLVED,UNRESOLVED,UNASSIGNED,NA,DRAFT_NOT_FROZEN,NOT_RUN
E1_BBRv3_BBRv3_C100_R20-80_Q0p5_rep05,E1_BBRv3_BBRv3_C100_R20-80_Q0p5,E1,刘馨月,BBRv3,BBRv3,100,20,80,0.5,20,250000,125000,FIFO_DRAFT,UNRESOLVED,off,0,180,30,30,180,5,UNRESOLVED,UNRESOLVED,UNASSIGNED,NA,DRAFT_NOT_FROZEN,NOT_RUN
E1_BBRv3_BBRv3_C100_R20-80_Q2_rep01,E1_BBRv3_BBRv3_C100_R20-80_Q2,E1,冯宗林,BBRv3,BBRv3,100,20,80,2,20,250000,500000,FIFO_DRAFT,UNRESOLVED,off,0,180,30,30,180,1,UNRESOLVED,UNRESOLVED,UNASSIGNED,NA,DRAFT_NOT_FROZEN,NOT_RUN
E1_BBRv3_BBRv3_C100_R20-80_Q2_rep02,E1_BBRv3_BBRv3_C100_R20-80_Q2,E1,冯宗林,BBRv3,BBRv3,100,20,80,2,20,250000,500000,FIFO_DRAFT,UNRESOLVED,off,0,180,30,30,180,2,UNRESOLVED,UNRESOLVED,UNASSIGNED,NA,DRAFT_NOT_FROZEN,NOT_RUN
E1_BBRv3_BBRv3_C100_R20-80_Q2_rep03,E1_BBRv3_BBRv3_C100_R20-80_Q2,E1,冯宗林,BBRv3,BBRv3,100,20,80,2,20,250000,500000,FIFO_DRAFT,UNRESOLVED,off,0,180,30,30,180,3,UNRESOLVED,UNRESOLVED,UNASSIGNED,NA,DRAFT_NOT_FROZEN,NOT_RUN
E1_BBRv3_BBRv3_C100_R20-80_Q2_rep04,E1_BBRv3_BBRv3_C100_R20-80_Q2,E1,冯宗林,BBRv3,BBRv3,100,20,80,2,20,250000,500000,FIFO_DRAFT,UNRESOLVED,off,0,180,30,30,180,4,UNRESOLVED,UNRESOLVED,UNASSIGNED,NA,DRAFT_NOT_FROZEN,NOT_RUN
E1_BBRv3_BBRv3_C100_R20-80_Q2_rep05,E1_BBRv3_BBRv3_C100_R20-80_Q2,E1,冯宗林,BBRv3,BBRv3,100,20,80,2,20,250000,500000,FIFO_DRAFT,UNRESOLVED,off,0,180,30,30,180,5,UNRESOLVED,UNRESOLVED,UNASSIGNED,NA,DRAFT_NOT_FROZEN,NOT_RUN
E1_BBRv3_BBRv3_C100_R20-80_Q10_rep01,E1_BBRv3_BBRv3_C100_R20-80_Q10,E1,刘馨月,BBRv3,BBRv3,100,20,80,10,20,250000,2500000,FIFO_DRAFT,UNRESOLVED,off,0,180,30,30,180,1,UNRESOLVED,UNRESOLVED,UNASSIGNED,NA,DRAFT_NOT_FROZEN,NOT_RUN
E1_BBRv3_BBRv3_C100_R20-80_Q10_rep02,E1_BBRv3_BBRv3_C100_R20-80_Q10,E1,刘馨月,BBRv3,BBRv3,100,20,80,10,20,250000,2500000,FIFO_DRAFT,UNRESOLVED,off,0,180,30,30,180,2,UNRESOLVED,UNRESOLVED,UNASSIGNED,NA,DRAFT_NOT_FROZEN,NOT_RUN
E1_BBRv3_BBRv3_C100_R20-80_Q10_rep03,E1_BBRv3_BBRv3_C100_R20-80_Q10,E1,刘馨月,BBRv3,BBRv3,100,20,80,10,20,250000,2500000,FIFO_DRAFT,UNRESOLVED,off,0,180,30,30,180,3,UNRESOLVED,UNRESOLVED,UNASSIGNED,NA,DRAFT_NOT_FROZEN,NOT_RUN
E1_BBRv3_BBRv3_C100_R20-80_Q10_rep04,E1_BBRv3_BBRv3_C100_R20-80_Q10,E1,刘馨月,BBRv3,BBRv3,100,20,80,10,20,250000,2500000,FIFO_DRAFT,UNRESOLVED,off,0,180,30,30,180,4,UNRESOLVED,UNRESOLVED,UNASSIGNED,NA,DRAFT_NOT_FROZEN,NOT_RUN
E1_BBRv3_BBRv3_C100_R20-80_Q10_rep05,E1_BBRv3_BBRv3_C100_R20-80_Q10,E1,刘馨月,BBRv3,BBRv3,100,20,80,10,20,250000,2500000,FIFO_DRAFT,UNRESOLVED,off,0,180,30,30,180,5,UNRESOLVED,UNRESOLVED,UNASSIGNED,NA,DRAFT_NOT_FROZEN,NOT_RUN
E2_BBRv3_CUBIC_C100_R20-20_Q0p5_rep01,E2_BBRv3_CUBIC_C100_R20-20_Q0p5,E2,刘馨月,BBRv3,CUBIC,100,20,20,0.5,20,250000,125000,FIFO_DRAFT,UNRESOLVED,off,0,180,30,30,180,1,UNRESOLVED,UNRESOLVED,UNASSIGNED,NA,DRAFT_NOT_FROZEN,NOT_RUN
E2_BBRv3_CUBIC_C100_R20-20_Q0p5_rep02,E2_BBRv3_CUBIC_C100_R20-20_Q0p5,E2,刘馨月,BBRv3,CUBIC,100,20,20,0.5,20,250000,125000,FIFO_DRAFT,UNRESOLVED,off,0,180,30,30,180,2,UNRESOLVED,UNRESOLVED,UNASSIGNED,NA,DRAFT_NOT_FROZEN,NOT_RUN
E2_BBRv3_CUBIC_C100_R20-20_Q0p5_rep03,E2_BBRv3_CUBIC_C100_R20-20_Q0p5,E2,刘馨月,BBRv3,CUBIC,100,20,20,0.5,20,250000,125000,FIFO_DRAFT,UNRESOLVED,off,0,180,30,30,180,3,UNRESOLVED,UNRESOLVED,UNASSIGNED,NA,DRAFT_NOT_FROZEN,NOT_RUN
E2_BBRv3_CUBIC_C100_R20-20_Q0p5_rep04,E2_BBRv3_CUBIC_C100_R20-20_Q0p5,E2,刘馨月,BBRv3,CUBIC,100,20,20,0.5,20,250000,125000,FIFO_DRAFT,UNRESOLVED,off,0,180,30,30,180,4,UNRESOLVED,UNRESOLVED,UNASSIGNED,NA,DRAFT_NOT_FROZEN,NOT_RUN
E2_BBRv3_CUBIC_C100_R20-20_Q0p5_rep05,E2_BBRv3_CUBIC_C100_R20-20_Q0p5,E2,刘馨月,BBRv3,CUBIC,100,20,20,0.5,20,250000,125000,FIFO_DRAFT,UNRESOLVED,off,0,180,30,30,180,5,UNRESOLVED,UNRESOLVED,UNASSIGNED,NA,DRAFT_NOT_FROZEN,NOT_RUN
E2_BBRv3_CUBIC_C100_R20-20_Q2_rep01,E2_BBRv3_CUBIC_C100_R20-20_Q2,E2,冯宗林,BBRv3,CUBIC,100,20,20,2,20,250000,500000,FIFO_DRAFT,UNRESOLVED,off,0,180,30,30,180,1,UNRESOLVED,UNRESOLVED,UNASSIGNED,NA,DRAFT_NOT_FROZEN,NOT_RUN
E2_BBRv3_CUBIC_C100_R20-20_Q2_rep02,E2_BBRv3_CUBIC_C100_R20-20_Q2,E2,冯宗林,BBRv3,CUBIC,100,20,20,2,20,250000,500000,FIFO_DRAFT,UNRESOLVED,off,0,180,30,30,180,2,UNRESOLVED,UNRESOLVED,UNASSIGNED,NA,DRAFT_NOT_FROZEN,NOT_RUN
E2_BBRv3_CUBIC_C100_R20-20_Q2_rep03,E2_BBRv3_CUBIC_C100_R20-20_Q2,E2,冯宗林,BBRv3,CUBIC,100,20,20,2,20,250000,500000,FIFO_DRAFT,UNRESOLVED,off,0,180,30,30,180,3,UNRESOLVED,UNRESOLVED,UNASSIGNED,NA,DRAFT_NOT_FROZEN,NOT_RUN
E2_BBRv3_CUBIC_C100_R20-20_Q2_rep04,E2_BBRv3_CUBIC_C100_R20-20_Q2,E2,冯宗林,BBRv3,CUBIC,100,20,20,2,20,250000,500000,FIFO_DRAFT,UNRESOLVED,off,0,180,30,30,180,4,UNRESOLVED,UNRESOLVED,UNASSIGNED,NA,DRAFT_NOT_FROZEN,NOT_RUN
E2_BBRv3_CUBIC_C100_R20-20_Q2_rep05,E2_BBRv3_CUBIC_C100_R20-20_Q2,E2,冯宗林,BBRv3,CUBIC,100,20,20,2,20,250000,500000,FIFO_DRAFT,UNRESOLVED,off,0,180,30,30,180,5,UNRESOLVED,UNRESOLVED,UNASSIGNED,NA,DRAFT_NOT_FROZEN,NOT_RUN
E2_BBRv3_CUBIC_C100_R20-20_Q10_rep01,E2_BBRv3_CUBIC_C100_R20-20_Q10,E2,刘馨月,BBRv3,CUBIC,100,20,20,10,20,250000,2500000,FIFO_DRAFT,UNRESOLVED,off,0,180,30,30,180,1,UNRESOLVED,UNRESOLVED,UNASSIGNED,NA,DRAFT_NOT_FROZEN,NOT_RUN
E2_BBRv3_CUBIC_C100_R20-20_Q10_rep02,E2_BBRv3_CUBIC_C100_R20-20_Q10,E2,刘馨月,BBRv3,CUBIC,100,20,20,10,20,250000,2500000,FIFO_DRAFT,UNRESOLVED,off,0,180,30,30,180,2,UNRESOLVED,UNRESOLVED,UNASSIGNED,NA,DRAFT_NOT_FROZEN,NOT_RUN
E2_BBRv3_CUBIC_C100_R20-20_Q10_rep03,E2_BBRv3_CUBIC_C100_R20-20_Q10,E2,刘馨月,BBRv3,CUBIC,100,20,20,10,20,250000,2500000,FIFO_DRAFT,UNRESOLVED,off,0,180,30,30,180,3,UNRESOLVED,UNRESOLVED,UNASSIGNED,NA,DRAFT_NOT_FROZEN,NOT_RUN
E2_BBRv3_CUBIC_C100_R20-20_Q10_rep04,E2_BBRv3_CUBIC_C100_R20-20_Q10,E2,刘馨月,BBRv3,CUBIC,100,20,20,10,20,250000,2500000,FIFO_DRAFT,UNRESOLVED,off,0,180,30,30,180,4,UNRESOLVED,UNRESOLVED,UNASSIGNED,NA,DRAFT_NOT_FROZEN,NOT_RUN
E2_BBRv3_CUBIC_C100_R20-20_Q10_rep05,E2_BBRv3_CUBIC_C100_R20-20_Q10,E2,刘馨月,BBRv3,CUBIC,100,20,20,10,20,250000,2500000,FIFO_DRAFT,UNRESOLVED,off,0,180,30,30,180,5,UNRESOLVED,UNRESOLVED,UNASSIGNED,NA,DRAFT_NOT_FROZEN,NOT_RUN
E3_BBRv3_BBRv3_C50_R10-10_Q1_rep01,E3_BBRv3_BBRv3_C50_R10-10_Q1,E3,冯宗林,BBRv3,BBRv3,50,10,10,1,10,62500,62500,FIFO_DRAFT,UNRESOLVED,off,0,180,30,30,180,1,UNRESOLVED,UNRESOLVED,UNASSIGNED,E3_C50_R10_Q1,DRAFT_NOT_FROZEN,NOT_RUN
E3_BBRv3_BBRv3_C50_R10-10_Q1_rep02,E3_BBRv3_BBRv3_C50_R10-10_Q1,E3,冯宗林,BBRv3,BBRv3,50,10,10,1,10,62500,62500,FIFO_DRAFT,UNRESOLVED,off,0,180,30,30,180,2,UNRESOLVED,UNRESOLVED,UNASSIGNED,E3_C50_R10_Q1,DRAFT_NOT_FROZEN,NOT_RUN
E3_BBRv3_BBRv3_C50_R10-10_Q1_rep03,E3_BBRv3_BBRv3_C50_R10-10_Q1,E3,冯宗林,BBRv3,BBRv3,50,10,10,1,10,62500,62500,FIFO_DRAFT,UNRESOLVED,off,0,180,30,30,180,3,UNRESOLVED,UNRESOLVED,UNASSIGNED,E3_C50_R10_Q1,DRAFT_NOT_FROZEN,NOT_RUN
E3_BBRv3_BBRv3_C50_R10-10_Q1_rep04,E3_BBRv3_BBRv3_C50_R10-10_Q1,E3,冯宗林,BBRv3,BBRv3,50,10,10,1,10,62500,62500,FIFO_DRAFT,UNRESOLVED,off,0,180,30,30,180,4,UNRESOLVED,UNRESOLVED,UNASSIGNED,E3_C50_R10_Q1,DRAFT_NOT_FROZEN,NOT_RUN
E3_BBRv3_BBRv3_C50_R10-10_Q1_rep05,E3_BBRv3_BBRv3_C50_R10-10_Q1,E3,冯宗林,BBRv3,BBRv3,50,10,10,1,10,62500,62500,FIFO_DRAFT,UNRESOLVED,off,0,180,30,30,180,5,UNRESOLVED,UNRESOLVED,UNASSIGNED,E3_C50_R10_Q1,DRAFT_NOT_FROZEN,NOT_RUN
E3_CUBIC_CUBIC_C50_R10-10_Q1_rep01,E3_CUBIC_CUBIC_C50_R10-10_Q1,E3,冯宗林,CUBIC,CUBIC,50,10,10,1,10,62500,62500,FIFO_DRAFT,UNRESOLVED,off,0,180,30,30,180,1,UNRESOLVED,UNRESOLVED,UNASSIGNED,E3_C50_R10_Q1,DRAFT_NOT_FROZEN,NOT_RUN
E3_CUBIC_CUBIC_C50_R10-10_Q1_rep02,E3_CUBIC_CUBIC_C50_R10-10_Q1,E3,冯宗林,CUBIC,CUBIC,50,10,10,1,10,62500,62500,FIFO_DRAFT,UNRESOLVED,off,0,180,30,30,180,2,UNRESOLVED,UNRESOLVED,UNASSIGNED,E3_C50_R10_Q1,DRAFT_NOT_FROZEN,NOT_RUN
E3_CUBIC_CUBIC_C50_R10-10_Q1_rep03,E3_CUBIC_CUBIC_C50_R10-10_Q1,E3,冯宗林,CUBIC,CUBIC,50,10,10,1,10,62500,62500,FIFO_DRAFT,UNRESOLVED,off,0,180,30,30,180,3,UNRESOLVED,UNRESOLVED,UNASSIGNED,E3_C50_R10_Q1,DRAFT_NOT_FROZEN,NOT_RUN
E3_CUBIC_CUBIC_C50_R10-10_Q1_rep04,E3_CUBIC_CUBIC_C50_R10-10_Q1,E3,冯宗林,CUBIC,CUBIC,50,10,10,1,10,62500,62500,FIFO_DRAFT,UNRESOLVED,off,0,180,30,30,180,4,UNRESOLVED,UNRESOLVED,UNASSIGNED,E3_C50_R10_Q1,DRAFT_NOT_FROZEN,NOT_RUN
E3_CUBIC_CUBIC_C50_R10-10_Q1_rep05,E3_CUBIC_CUBIC_C50_R10-10_Q1,E3,冯宗林,CUBIC,CUBIC,50,10,10,1,10,62500,62500,FIFO_DRAFT,UNRESOLVED,off,0,180,30,30,180,5,UNRESOLVED,UNRESOLVED,UNASSIGNED,E3_C50_R10_Q1,DRAFT_NOT_FROZEN,NOT_RUN
E3_BBRv3_BBRv3_C50_R10-10_Q4_rep01,E3_BBRv3_BBRv3_C50_R10-10_Q4,E3,冯宗林,BBRv3,BBRv3,50,10,10,4,10,62500,250000,FIFO_DRAFT,UNRESOLVED,off,0,180,30,30,180,1,UNRESOLVED,UNRESOLVED,UNASSIGNED,E3_C50_R10_Q4,DRAFT_NOT_FROZEN,NOT_RUN
E3_BBRv3_BBRv3_C50_R10-10_Q4_rep02,E3_BBRv3_BBRv3_C50_R10-10_Q4,E3,冯宗林,BBRv3,BBRv3,50,10,10,4,10,62500,250000,FIFO_DRAFT,UNRESOLVED,off,0,180,30,30,180,2,UNRESOLVED,UNRESOLVED,UNASSIGNED,E3_C50_R10_Q4,DRAFT_NOT_FROZEN,NOT_RUN
E3_BBRv3_BBRv3_C50_R10-10_Q4_rep03,E3_BBRv3_BBRv3_C50_R10-10_Q4,E3,冯宗林,BBRv3,BBRv3,50,10,10,4,10,62500,250000,FIFO_DRAFT,UNRESOLVED,off,0,180,30,30,180,3,UNRESOLVED,UNRESOLVED,UNASSIGNED,E3_C50_R10_Q4,DRAFT_NOT_FROZEN,NOT_RUN
E3_BBRv3_BBRv3_C50_R10-10_Q4_rep04,E3_BBRv3_BBRv3_C50_R10-10_Q4,E3,冯宗林,BBRv3,BBRv3,50,10,10,4,10,62500,250000,FIFO_DRAFT,UNRESOLVED,off,0,180,30,30,180,4,UNRESOLVED,UNRESOLVED,UNASSIGNED,E3_C50_R10_Q4,DRAFT_NOT_FROZEN,NOT_RUN
E3_BBRv3_BBRv3_C50_R10-10_Q4_rep05,E3_BBRv3_BBRv3_C50_R10-10_Q4,E3,冯宗林,BBRv3,BBRv3,50,10,10,4,10,62500,250000,FIFO_DRAFT,UNRESOLVED,off,0,180,30,30,180,5,UNRESOLVED,UNRESOLVED,UNASSIGNED,E3_C50_R10_Q4,DRAFT_NOT_FROZEN,NOT_RUN
E3_CUBIC_CUBIC_C50_R10-10_Q4_rep01,E3_CUBIC_CUBIC_C50_R10-10_Q4,E3,冯宗林,CUBIC,CUBIC,50,10,10,4,10,62500,250000,FIFO_DRAFT,UNRESOLVED,off,0,180,30,30,180,1,UNRESOLVED,UNRESOLVED,UNASSIGNED,E3_C50_R10_Q4,DRAFT_NOT_FROZEN,NOT_RUN
E3_CUBIC_CUBIC_C50_R10-10_Q4_rep02,E3_CUBIC_CUBIC_C50_R10-10_Q4,E3,冯宗林,CUBIC,CUBIC,50,10,10,4,10,62500,250000,FIFO_DRAFT,UNRESOLVED,off,0,180,30,30,180,2,UNRESOLVED,UNRESOLVED,UNASSIGNED,E3_C50_R10_Q4,DRAFT_NOT_FROZEN,NOT_RUN
E3_CUBIC_CUBIC_C50_R10-10_Q4_rep03,E3_CUBIC_CUBIC_C50_R10-10_Q4,E3,冯宗林,CUBIC,CUBIC,50,10,10,4,10,62500,250000,FIFO_DRAFT,UNRESOLVED,off,0,180,30,30,180,3,UNRESOLVED,UNRESOLVED,UNASSIGNED,E3_C50_R10_Q4,DRAFT_NOT_FROZEN,NOT_RUN
E3_CUBIC_CUBIC_C50_R10-10_Q4_rep04,E3_CUBIC_CUBIC_C50_R10-10_Q4,E3,冯宗林,CUBIC,CUBIC,50,10,10,4,10,62500,250000,FIFO_DRAFT,UNRESOLVED,off,0,180,30,30,180,4,UNRESOLVED,UNRESOLVED,UNASSIGNED,E3_C50_R10_Q4,DRAFT_NOT_FROZEN,NOT_RUN
E3_CUBIC_CUBIC_C50_R10-10_Q4_rep05,E3_CUBIC_CUBIC_C50_R10-10_Q4,E3,冯宗林,CUBIC,CUBIC,50,10,10,4,10,62500,250000,FIFO_DRAFT,UNRESOLVED,off,0,180,30,30,180,5,UNRESOLVED,UNRESOLVED,UNASSIGNED,E3_C50_R10_Q4,DRAFT_NOT_FROZEN,NOT_RUN
E3_BBRv3_BBRv3_C50_R60-60_Q1_rep01,E3_BBRv3_BBRv3_C50_R60-60_Q1,E3,冯宗林,BBRv3,BBRv3,50,60,60,1,60,375000,375000,FIFO_DRAFT,UNRESOLVED,off,0,180,30,30,180,1,UNRESOLVED,UNRESOLVED,UNASSIGNED,E3_C50_R60_Q1,DRAFT_NOT_FROZEN,NOT_RUN
E3_BBRv3_BBRv3_C50_R60-60_Q1_rep02,E3_BBRv3_BBRv3_C50_R60-60_Q1,E3,冯宗林,BBRv3,BBRv3,50,60,60,1,60,375000,375000,FIFO_DRAFT,UNRESOLVED,off,0,180,30,30,180,2,UNRESOLVED,UNRESOLVED,UNASSIGNED,E3_C50_R60_Q1,DRAFT_NOT_FROZEN,NOT_RUN
E3_BBRv3_BBRv3_C50_R60-60_Q1_rep03,E3_BBRv3_BBRv3_C50_R60-60_Q1,E3,冯宗林,BBRv3,BBRv3,50,60,60,1,60,375000,375000,FIFO_DRAFT,UNRESOLVED,off,0,180,30,30,180,3,UNRESOLVED,UNRESOLVED,UNASSIGNED,E3_C50_R60_Q1,DRAFT_NOT_FROZEN,NOT_RUN
E3_BBRv3_BBRv3_C50_R60-60_Q1_rep04,E3_BBRv3_BBRv3_C50_R60-60_Q1,E3,冯宗林,BBRv3,BBRv3,50,60,60,1,60,375000,375000,FIFO_DRAFT,UNRESOLVED,off,0,180,30,30,180,4,UNRESOLVED,UNRESOLVED,UNASSIGNED,E3_C50_R60_Q1,DRAFT_NOT_FROZEN,NOT_RUN
E3_BBRv3_BBRv3_C50_R60-60_Q1_rep05,E3_BBRv3_BBRv3_C50_R60-60_Q1,E3,冯宗林,BBRv3,BBRv3,50,60,60,1,60,375000,375000,FIFO_DRAFT,UNRESOLVED,off,0,180,30,30,180,5,UNRESOLVED,UNRESOLVED,UNASSIGNED,E3_C50_R60_Q1,DRAFT_NOT_FROZEN,NOT_RUN
E3_CUBIC_CUBIC_C50_R60-60_Q1_rep01,E3_CUBIC_CUBIC_C50_R60-60_Q1,E3,冯宗林,CUBIC,CUBIC,50,60,60,1,60,375000,375000,FIFO_DRAFT,UNRESOLVED,off,0,180,30,30,180,1,UNRESOLVED,UNRESOLVED,UNASSIGNED,E3_C50_R60_Q1,DRAFT_NOT_FROZEN,NOT_RUN
E3_CUBIC_CUBIC_C50_R60-60_Q1_rep02,E3_CUBIC_CUBIC_C50_R60-60_Q1,E3,冯宗林,CUBIC,CUBIC,50,60,60,1,60,375000,375000,FIFO_DRAFT,UNRESOLVED,off,0,180,30,30,180,2,UNRESOLVED,UNRESOLVED,UNASSIGNED,E3_C50_R60_Q1,DRAFT_NOT_FROZEN,NOT_RUN
E3_CUBIC_CUBIC_C50_R60-60_Q1_rep03,E3_CUBIC_CUBIC_C50_R60-60_Q1,E3,冯宗林,CUBIC,CUBIC,50,60,60,1,60,375000,375000,FIFO_DRAFT,UNRESOLVED,off,0,180,30,30,180,3,UNRESOLVED,UNRESOLVED,UNASSIGNED,E3_C50_R60_Q1,DRAFT_NOT_FROZEN,NOT_RUN
E3_CUBIC_CUBIC_C50_R60-60_Q1_rep04,E3_CUBIC_CUBIC_C50_R60-60_Q1,E3,冯宗林,CUBIC,CUBIC,50,60,60,1,60,375000,375000,FIFO_DRAFT,UNRESOLVED,off,0,180,30,30,180,4,UNRESOLVED,UNRESOLVED,UNASSIGNED,E3_C50_R60_Q1,DRAFT_NOT_FROZEN,NOT_RUN
E3_CUBIC_CUBIC_C50_R60-60_Q1_rep05,E3_CUBIC_CUBIC_C50_R60-60_Q1,E3,冯宗林,CUBIC,CUBIC,50,60,60,1,60,375000,375000,FIFO_DRAFT,UNRESOLVED,off,0,180,30,30,180,5,UNRESOLVED,UNRESOLVED,UNASSIGNED,E3_C50_R60_Q1,DRAFT_NOT_FROZEN,NOT_RUN
E3_BBRv3_BBRv3_C50_R60-60_Q4_rep01,E3_BBRv3_BBRv3_C50_R60-60_Q4,E3,冯宗林,BBRv3,BBRv3,50,60,60,4,60,375000,1500000,FIFO_DRAFT,UNRESOLVED,off,0,180,30,30,180,1,UNRESOLVED,UNRESOLVED,UNASSIGNED,E3_C50_R60_Q4,DRAFT_NOT_FROZEN,NOT_RUN
E3_BBRv3_BBRv3_C50_R60-60_Q4_rep02,E3_BBRv3_BBRv3_C50_R60-60_Q4,E3,冯宗林,BBRv3,BBRv3,50,60,60,4,60,375000,1500000,FIFO_DRAFT,UNRESOLVED,off,0,180,30,30,180,2,UNRESOLVED,UNRESOLVED,UNASSIGNED,E3_C50_R60_Q4,DRAFT_NOT_FROZEN,NOT_RUN
E3_BBRv3_BBRv3_C50_R60-60_Q4_rep03,E3_BBRv3_BBRv3_C50_R60-60_Q4,E3,冯宗林,BBRv3,BBRv3,50,60,60,4,60,375000,1500000,FIFO_DRAFT,UNRESOLVED,off,0,180,30,30,180,3,UNRESOLVED,UNRESOLVED,UNASSIGNED,E3_C50_R60_Q4,DRAFT_NOT_FROZEN,NOT_RUN
E3_BBRv3_BBRv3_C50_R60-60_Q4_rep04,E3_BBRv3_BBRv3_C50_R60-60_Q4,E3,冯宗林,BBRv3,BBRv3,50,60,60,4,60,375000,1500000,FIFO_DRAFT,UNRESOLVED,off,0,180,30,30,180,4,UNRESOLVED,UNRESOLVED,UNASSIGNED,E3_C50_R60_Q4,DRAFT_NOT_FROZEN,NOT_RUN
E3_BBRv3_BBRv3_C50_R60-60_Q4_rep05,E3_BBRv3_BBRv3_C50_R60-60_Q4,E3,冯宗林,BBRv3,BBRv3,50,60,60,4,60,375000,1500000,FIFO_DRAFT,UNRESOLVED,off,0,180,30,30,180,5,UNRESOLVED,UNRESOLVED,UNASSIGNED,E3_C50_R60_Q4,DRAFT_NOT_FROZEN,NOT_RUN
E3_CUBIC_CUBIC_C50_R60-60_Q4_rep01,E3_CUBIC_CUBIC_C50_R60-60_Q4,E3,冯宗林,CUBIC,CUBIC,50,60,60,4,60,375000,1500000,FIFO_DRAFT,UNRESOLVED,off,0,180,30,30,180,1,UNRESOLVED,UNRESOLVED,UNASSIGNED,E3_C50_R60_Q4,DRAFT_NOT_FROZEN,NOT_RUN
E3_CUBIC_CUBIC_C50_R60-60_Q4_rep02,E3_CUBIC_CUBIC_C50_R60-60_Q4,E3,冯宗林,CUBIC,CUBIC,50,60,60,4,60,375000,1500000,FIFO_DRAFT,UNRESOLVED,off,0,180,30,30,180,2,UNRESOLVED,UNRESOLVED,UNASSIGNED,E3_C50_R60_Q4,DRAFT_NOT_FROZEN,NOT_RUN
E3_CUBIC_CUBIC_C50_R60-60_Q4_rep03,E3_CUBIC_CUBIC_C50_R60-60_Q4,E3,冯宗林,CUBIC,CUBIC,50,60,60,4,60,375000,1500000,FIFO_DRAFT,UNRESOLVED,off,0,180,30,30,180,3,UNRESOLVED,UNRESOLVED,UNASSIGNED,E3_C50_R60_Q4,DRAFT_NOT_FROZEN,NOT_RUN
E3_CUBIC_CUBIC_C50_R60-60_Q4_rep04,E3_CUBIC_CUBIC_C50_R60-60_Q4,E3,冯宗林,CUBIC,CUBIC,50,60,60,4,60,375000,1500000,FIFO_DRAFT,UNRESOLVED,off,0,180,30,30,180,4,UNRESOLVED,UNRESOLVED,UNASSIGNED,E3_C50_R60_Q4,DRAFT_NOT_FROZEN,NOT_RUN
E3_CUBIC_CUBIC_C50_R60-60_Q4_rep05,E3_CUBIC_CUBIC_C50_R60-60_Q4,E3,冯宗林,CUBIC,CUBIC,50,60,60,4,60,375000,1500000,FIFO_DRAFT,UNRESOLVED,off,0,180,30,30,180,5,UNRESOLVED,UNRESOLVED,UNASSIGNED,E3_C50_R60_Q4,DRAFT_NOT_FROZEN,NOT_RUN
E3_BBRv3_BBRv3_C200_R10-10_Q1_rep01,E3_BBRv3_BBRv3_C200_R10-10_Q1,E3,刘馨月,BBRv3,BBRv3,200,10,10,1,10,250000,250000,FIFO_DRAFT,UNRESOLVED,off,0,180,30,30,180,1,UNRESOLVED,UNRESOLVED,UNASSIGNED,E3_C200_R10_Q1,DRAFT_NOT_FROZEN,NOT_RUN
E3_BBRv3_BBRv3_C200_R10-10_Q1_rep02,E3_BBRv3_BBRv3_C200_R10-10_Q1,E3,刘馨月,BBRv3,BBRv3,200,10,10,1,10,250000,250000,FIFO_DRAFT,UNRESOLVED,off,0,180,30,30,180,2,UNRESOLVED,UNRESOLVED,UNASSIGNED,E3_C200_R10_Q1,DRAFT_NOT_FROZEN,NOT_RUN
E3_BBRv3_BBRv3_C200_R10-10_Q1_rep03,E3_BBRv3_BBRv3_C200_R10-10_Q1,E3,刘馨月,BBRv3,BBRv3,200,10,10,1,10,250000,250000,FIFO_DRAFT,UNRESOLVED,off,0,180,30,30,180,3,UNRESOLVED,UNRESOLVED,UNASSIGNED,E3_C200_R10_Q1,DRAFT_NOT_FROZEN,NOT_RUN
E3_BBRv3_BBRv3_C200_R10-10_Q1_rep04,E3_BBRv3_BBRv3_C200_R10-10_Q1,E3,刘馨月,BBRv3,BBRv3,200,10,10,1,10,250000,250000,FIFO_DRAFT,UNRESOLVED,off,0,180,30,30,180,4,UNRESOLVED,UNRESOLVED,UNASSIGNED,E3_C200_R10_Q1,DRAFT_NOT_FROZEN,NOT_RUN
E3_BBRv3_BBRv3_C200_R10-10_Q1_rep05,E3_BBRv3_BBRv3_C200_R10-10_Q1,E3,刘馨月,BBRv3,BBRv3,200,10,10,1,10,250000,250000,FIFO_DRAFT,UNRESOLVED,off,0,180,30,30,180,5,UNRESOLVED,UNRESOLVED,UNASSIGNED,E3_C200_R10_Q1,DRAFT_NOT_FROZEN,NOT_RUN
E3_CUBIC_CUBIC_C200_R10-10_Q1_rep01,E3_CUBIC_CUBIC_C200_R10-10_Q1,E3,刘馨月,CUBIC,CUBIC,200,10,10,1,10,250000,250000,FIFO_DRAFT,UNRESOLVED,off,0,180,30,30,180,1,UNRESOLVED,UNRESOLVED,UNASSIGNED,E3_C200_R10_Q1,DRAFT_NOT_FROZEN,NOT_RUN
E3_CUBIC_CUBIC_C200_R10-10_Q1_rep02,E3_CUBIC_CUBIC_C200_R10-10_Q1,E3,刘馨月,CUBIC,CUBIC,200,10,10,1,10,250000,250000,FIFO_DRAFT,UNRESOLVED,off,0,180,30,30,180,2,UNRESOLVED,UNRESOLVED,UNASSIGNED,E3_C200_R10_Q1,DRAFT_NOT_FROZEN,NOT_RUN
E3_CUBIC_CUBIC_C200_R10-10_Q1_rep03,E3_CUBIC_CUBIC_C200_R10-10_Q1,E3,刘馨月,CUBIC,CUBIC,200,10,10,1,10,250000,250000,FIFO_DRAFT,UNRESOLVED,off,0,180,30,30,180,3,UNRESOLVED,UNRESOLVED,UNASSIGNED,E3_C200_R10_Q1,DRAFT_NOT_FROZEN,NOT_RUN
E3_CUBIC_CUBIC_C200_R10-10_Q1_rep04,E3_CUBIC_CUBIC_C200_R10-10_Q1,E3,刘馨月,CUBIC,CUBIC,200,10,10,1,10,250000,250000,FIFO_DRAFT,UNRESOLVED,off,0,180,30,30,180,4,UNRESOLVED,UNRESOLVED,UNASSIGNED,E3_C200_R10_Q1,DRAFT_NOT_FROZEN,NOT_RUN
E3_CUBIC_CUBIC_C200_R10-10_Q1_rep05,E3_CUBIC_CUBIC_C200_R10-10_Q1,E3,刘馨月,CUBIC,CUBIC,200,10,10,1,10,250000,250000,FIFO_DRAFT,UNRESOLVED,off,0,180,30,30,180,5,UNRESOLVED,UNRESOLVED,UNASSIGNED,E3_C200_R10_Q1,DRAFT_NOT_FROZEN,NOT_RUN
E3_BBRv3_BBRv3_C200_R10-10_Q4_rep01,E3_BBRv3_BBRv3_C200_R10-10_Q4,E3,刘馨月,BBRv3,BBRv3,200,10,10,4,10,250000,1000000,FIFO_DRAFT,UNRESOLVED,off,0,180,30,30,180,1,UNRESOLVED,UNRESOLVED,UNASSIGNED,E3_C200_R10_Q4,DRAFT_NOT_FROZEN,NOT_RUN
E3_BBRv3_BBRv3_C200_R10-10_Q4_rep02,E3_BBRv3_BBRv3_C200_R10-10_Q4,E3,刘馨月,BBRv3,BBRv3,200,10,10,4,10,250000,1000000,FIFO_DRAFT,UNRESOLVED,off,0,180,30,30,180,2,UNRESOLVED,UNRESOLVED,UNASSIGNED,E3_C200_R10_Q4,DRAFT_NOT_FROZEN,NOT_RUN
E3_BBRv3_BBRv3_C200_R10-10_Q4_rep03,E3_BBRv3_BBRv3_C200_R10-10_Q4,E3,刘馨月,BBRv3,BBRv3,200,10,10,4,10,250000,1000000,FIFO_DRAFT,UNRESOLVED,off,0,180,30,30,180,3,UNRESOLVED,UNRESOLVED,UNASSIGNED,E3_C200_R10_Q4,DRAFT_NOT_FROZEN,NOT_RUN
E3_BBRv3_BBRv3_C200_R10-10_Q4_rep04,E3_BBRv3_BBRv3_C200_R10-10_Q4,E3,刘馨月,BBRv3,BBRv3,200,10,10,4,10,250000,1000000,FIFO_DRAFT,UNRESOLVED,off,0,180,30,30,180,4,UNRESOLVED,UNRESOLVED,UNASSIGNED,E3_C200_R10_Q4,DRAFT_NOT_FROZEN,NOT_RUN
E3_BBRv3_BBRv3_C200_R10-10_Q4_rep05,E3_BBRv3_BBRv3_C200_R10-10_Q4,E3,刘馨月,BBRv3,BBRv3,200,10,10,4,10,250000,1000000,FIFO_DRAFT,UNRESOLVED,off,0,180,30,30,180,5,UNRESOLVED,UNRESOLVED,UNASSIGNED,E3_C200_R10_Q4,DRAFT_NOT_FROZEN,NOT_RUN
E3_CUBIC_CUBIC_C200_R10-10_Q4_rep01,E3_CUBIC_CUBIC_C200_R10-10_Q4,E3,刘馨月,CUBIC,CUBIC,200,10,10,4,10,250000,1000000,FIFO_DRAFT,UNRESOLVED,off,0,180,30,30,180,1,UNRESOLVED,UNRESOLVED,UNASSIGNED,E3_C200_R10_Q4,DRAFT_NOT_FROZEN,NOT_RUN
E3_CUBIC_CUBIC_C200_R10-10_Q4_rep02,E3_CUBIC_CUBIC_C200_R10-10_Q4,E3,刘馨月,CUBIC,CUBIC,200,10,10,4,10,250000,1000000,FIFO_DRAFT,UNRESOLVED,off,0,180,30,30,180,2,UNRESOLVED,UNRESOLVED,UNASSIGNED,E3_C200_R10_Q4,DRAFT_NOT_FROZEN,NOT_RUN
E3_CUBIC_CUBIC_C200_R10-10_Q4_rep03,E3_CUBIC_CUBIC_C200_R10-10_Q4,E3,刘馨月,CUBIC,CUBIC,200,10,10,4,10,250000,1000000,FIFO_DRAFT,UNRESOLVED,off,0,180,30,30,180,3,UNRESOLVED,UNRESOLVED,UNASSIGNED,E3_C200_R10_Q4,DRAFT_NOT_FROZEN,NOT_RUN
E3_CUBIC_CUBIC_C200_R10-10_Q4_rep04,E3_CUBIC_CUBIC_C200_R10-10_Q4,E3,刘馨月,CUBIC,CUBIC,200,10,10,4,10,250000,1000000,FIFO_DRAFT,UNRESOLVED,off,0,180,30,30,180,4,UNRESOLVED,UNRESOLVED,UNASSIGNED,E3_C200_R10_Q4,DRAFT_NOT_FROZEN,NOT_RUN
E3_CUBIC_CUBIC_C200_R10-10_Q4_rep05,E3_CUBIC_CUBIC_C200_R10-10_Q4,E3,刘馨月,CUBIC,CUBIC,200,10,10,4,10,250000,1000000,FIFO_DRAFT,UNRESOLVED,off,0,180,30,30,180,5,UNRESOLVED,UNRESOLVED,UNASSIGNED,E3_C200_R10_Q4,DRAFT_NOT_FROZEN,NOT_RUN
E3_BBRv3_BBRv3_C200_R60-60_Q1_rep01,E3_BBRv3_BBRv3_C200_R60-60_Q1,E3,刘馨月,BBRv3,BBRv3,200,60,60,1,60,1500000,1500000,FIFO_DRAFT,UNRESOLVED,off,0,180,30,30,180,1,UNRESOLVED,UNRESOLVED,UNASSIGNED,E3_C200_R60_Q1,DRAFT_NOT_FROZEN,NOT_RUN
E3_BBRv3_BBRv3_C200_R60-60_Q1_rep02,E3_BBRv3_BBRv3_C200_R60-60_Q1,E3,刘馨月,BBRv3,BBRv3,200,60,60,1,60,1500000,1500000,FIFO_DRAFT,UNRESOLVED,off,0,180,30,30,180,2,UNRESOLVED,UNRESOLVED,UNASSIGNED,E3_C200_R60_Q1,DRAFT_NOT_FROZEN,NOT_RUN
E3_BBRv3_BBRv3_C200_R60-60_Q1_rep03,E3_BBRv3_BBRv3_C200_R60-60_Q1,E3,刘馨月,BBRv3,BBRv3,200,60,60,1,60,1500000,1500000,FIFO_DRAFT,UNRESOLVED,off,0,180,30,30,180,3,UNRESOLVED,UNRESOLVED,UNASSIGNED,E3_C200_R60_Q1,DRAFT_NOT_FROZEN,NOT_RUN
E3_BBRv3_BBRv3_C200_R60-60_Q1_rep04,E3_BBRv3_BBRv3_C200_R60-60_Q1,E3,刘馨月,BBRv3,BBRv3,200,60,60,1,60,1500000,1500000,FIFO_DRAFT,UNRESOLVED,off,0,180,30,30,180,4,UNRESOLVED,UNRESOLVED,UNASSIGNED,E3_C200_R60_Q1,DRAFT_NOT_FROZEN,NOT_RUN
E3_BBRv3_BBRv3_C200_R60-60_Q1_rep05,E3_BBRv3_BBRv3_C200_R60-60_Q1,E3,刘馨月,BBRv3,BBRv3,200,60,60,1,60,1500000,1500000,FIFO_DRAFT,UNRESOLVED,off,0,180,30,30,180,5,UNRESOLVED,UNRESOLVED,UNASSIGNED,E3_C200_R60_Q1,DRAFT_NOT_FROZEN,NOT_RUN
E3_CUBIC_CUBIC_C200_R60-60_Q1_rep01,E3_CUBIC_CUBIC_C200_R60-60_Q1,E3,刘馨月,CUBIC,CUBIC,200,60,60,1,60,1500000,1500000,FIFO_DRAFT,UNRESOLVED,off,0,180,30,30,180,1,UNRESOLVED,UNRESOLVED,UNASSIGNED,E3_C200_R60_Q1,DRAFT_NOT_FROZEN,NOT_RUN
E3_CUBIC_CUBIC_C200_R60-60_Q1_rep02,E3_CUBIC_CUBIC_C200_R60-60_Q1,E3,刘馨月,CUBIC,CUBIC,200,60,60,1,60,1500000,1500000,FIFO_DRAFT,UNRESOLVED,off,0,180,30,30,180,2,UNRESOLVED,UNRESOLVED,UNASSIGNED,E3_C200_R60_Q1,DRAFT_NOT_FROZEN,NOT_RUN
E3_CUBIC_CUBIC_C200_R60-60_Q1_rep03,E3_CUBIC_CUBIC_C200_R60-60_Q1,E3,刘馨月,CUBIC,CUBIC,200,60,60,1,60,1500000,1500000,FIFO_DRAFT,UNRESOLVED,off,0,180,30,30,180,3,UNRESOLVED,UNRESOLVED,UNASSIGNED,E3_C200_R60_Q1,DRAFT_NOT_FROZEN,NOT_RUN
E3_CUBIC_CUBIC_C200_R60-60_Q1_rep04,E3_CUBIC_CUBIC_C200_R60-60_Q1,E3,刘馨月,CUBIC,CUBIC,200,60,60,1,60,1500000,1500000,FIFO_DRAFT,UNRESOLVED,off,0,180,30,30,180,4,UNRESOLVED,UNRESOLVED,UNASSIGNED,E3_C200_R60_Q1,DRAFT_NOT_FROZEN,NOT_RUN
E3_CUBIC_CUBIC_C200_R60-60_Q1_rep05,E3_CUBIC_CUBIC_C200_R60-60_Q1,E3,刘馨月,CUBIC,CUBIC,200,60,60,1,60,1500000,1500000,FIFO_DRAFT,UNRESOLVED,off,0,180,30,30,180,5,UNRESOLVED,UNRESOLVED,UNASSIGNED,E3_C200_R60_Q1,DRAFT_NOT_FROZEN,NOT_RUN
E3_BBRv3_BBRv3_C200_R60-60_Q4_rep01,E3_BBRv3_BBRv3_C200_R60-60_Q4,E3,刘馨月,BBRv3,BBRv3,200,60,60,4,60,1500000,6000000,FIFO_DRAFT,UNRESOLVED,off,0,180,30,30,180,1,UNRESOLVED,UNRESOLVED,UNASSIGNED,E3_C200_R60_Q4,DRAFT_NOT_FROZEN,NOT_RUN
E3_BBRv3_BBRv3_C200_R60-60_Q4_rep02,E3_BBRv3_BBRv3_C200_R60-60_Q4,E3,刘馨月,BBRv3,BBRv3,200,60,60,4,60,1500000,6000000,FIFO_DRAFT,UNRESOLVED,off,0,180,30,30,180,2,UNRESOLVED,UNRESOLVED,UNASSIGNED,E3_C200_R60_Q4,DRAFT_NOT_FROZEN,NOT_RUN
E3_BBRv3_BBRv3_C200_R60-60_Q4_rep03,E3_BBRv3_BBRv3_C200_R60-60_Q4,E3,刘馨月,BBRv3,BBRv3,200,60,60,4,60,1500000,6000000,FIFO_DRAFT,UNRESOLVED,off,0,180,30,30,180,3,UNRESOLVED,UNRESOLVED,UNASSIGNED,E3_C200_R60_Q4,DRAFT_NOT_FROZEN,NOT_RUN
E3_BBRv3_BBRv3_C200_R60-60_Q4_rep04,E3_BBRv3_BBRv3_C200_R60-60_Q4,E3,刘馨月,BBRv3,BBRv3,200,60,60,4,60,1500000,6000000,FIFO_DRAFT,UNRESOLVED,off,0,180,30,30,180,4,UNRESOLVED,UNRESOLVED,UNASSIGNED,E3_C200_R60_Q4,DRAFT_NOT_FROZEN,NOT_RUN
E3_BBRv3_BBRv3_C200_R60-60_Q4_rep05,E3_BBRv3_BBRv3_C200_R60-60_Q4,E3,刘馨月,BBRv3,BBRv3,200,60,60,4,60,1500000,6000000,FIFO_DRAFT,UNRESOLVED,off,0,180,30,30,180,5,UNRESOLVED,UNRESOLVED,UNASSIGNED,E3_C200_R60_Q4,DRAFT_NOT_FROZEN,NOT_RUN
E3_CUBIC_CUBIC_C200_R60-60_Q4_rep01,E3_CUBIC_CUBIC_C200_R60-60_Q4,E3,刘馨月,CUBIC,CUBIC,200,60,60,4,60,1500000,6000000,FIFO_DRAFT,UNRESOLVED,off,0,180,30,30,180,1,UNRESOLVED,UNRESOLVED,UNASSIGNED,E3_C200_R60_Q4,DRAFT_NOT_FROZEN,NOT_RUN
E3_CUBIC_CUBIC_C200_R60-60_Q4_rep02,E3_CUBIC_CUBIC_C200_R60-60_Q4,E3,刘馨月,CUBIC,CUBIC,200,60,60,4,60,1500000,6000000,FIFO_DRAFT,UNRESOLVED,off,0,180,30,30,180,2,UNRESOLVED,UNRESOLVED,UNASSIGNED,E3_C200_R60_Q4,DRAFT_NOT_FROZEN,NOT_RUN
E3_CUBIC_CUBIC_C200_R60-60_Q4_rep03,E3_CUBIC_CUBIC_C200_R60-60_Q4,E3,刘馨月,CUBIC,CUBIC,200,60,60,4,60,1500000,6000000,FIFO_DRAFT,UNRESOLVED,off,0,180,30,30,180,3,UNRESOLVED,UNRESOLVED,UNASSIGNED,E3_C200_R60_Q4,DRAFT_NOT_FROZEN,NOT_RUN
E3_CUBIC_CUBIC_C200_R60-60_Q4_rep04,E3_CUBIC_CUBIC_C200_R60-60_Q4,E3,刘馨月,CUBIC,CUBIC,200,60,60,4,60,1500000,6000000,FIFO_DRAFT,UNRESOLVED,off,0,180,30,30,180,4,UNRESOLVED,UNRESOLVED,UNASSIGNED,E3_C200_R60_Q4,DRAFT_NOT_FROZEN,NOT_RUN
E3_CUBIC_CUBIC_C200_R60-60_Q4_rep05,E3_CUBIC_CUBIC_C200_R60-60_Q4,E3,刘馨月,CUBIC,CUBIC,200,60,60,4,60,1500000,6000000,FIFO_DRAFT,UNRESOLVED,off,0,180,30,30,180,5,UNRESOLVED,UNRESOLVED,UNASSIGNED,E3_C200_R60_Q4,DRAFT_NOT_FROZEN,NOT_RUN
