"RelativePath","Bytes","SHA256"
"00_先看这里.md","3951","7AFCC363B54A9FCAC4DB76893B41CAB03633E967AC96CD0CAD2BB8DA422EF537"
"01_发给成员\个人任务单_刘庭佳.md","8182","AE2FB6CF618233CC0C27D3BAA0632D6F80BA901CD9E0B01C60FD00B96E6E3F38"
"01_发给成员\个人任务单_刘馨月.md","18198","77EA2AD6A4DF5345034203D986CD8B20A90A9DF35F462A98E35A794D77685948"
"01_发给成员\个人任务单_马若涵.md","8525","0FE0AC8AE5EFE175401A47FD44C2E50F0D0E5BA218F7D9BE48226503791FC359"
"01_发给成员\个人任务单_徐守正.md","6373","66CD8E40C8BE0AF0DE946D796B28CFBD40043A81BC48B8F6E39009DF3CFDC3F1"
"02_冯宗林统筹\分工边界与交接总表.md","5751","6D74E18B72A6433BB3D5C45EDD59A4C24C165BFEE9839340305B7EC658299ACA"
"02_冯宗林统筹\冯宗林_大修任务执行与验收方案.md","46558","ED68550808F3234BCEA7C502A3C03FCC8C528BAB14FD4F33D161E254EBE5E650"
"02_冯宗林统筹\任务方案_审核记录.md","3887","BFBE509F28A22E0EBD39E8339FA7CFDB1BF2B86D4DB0071579820D987BAA96D1"
"03_详细执行参考\刘庭佳_大修任务执行与验收方案.md","13663","CF51EFA92F74B20D9201CE1BB1E4EDE777E4FB5CC02655AEB0D7DA95ECCBFB6B"
"03_详细执行参考\刘馨月_大修任务执行与验收方案.md","16934","D2737B2B6DFBA5CC54E40B7DD948E8F6098CBE46033952474AD2BCFBC8BB83AD"
"03_详细执行参考\马若涵_大修任务执行与验收方案.md","15113","D99E5A83A966BC05DD864E56F356F2F24F627ED6D003D6A3B909B55E1113C2AF"
"03_详细执行参考\徐守正_大修任务执行与验收方案.md","12677","759D5AF10FF5239A1AD37A92A9BBCD0FA3FD314C3DDC9D89C5CF9E731567C874"
"04_实验试执行\试执行报告.md","5455","1B1D3D93BC6CD327F786AF4A82F7D9C1E8FF77AB4F21F21BF2CC02E2248069DD"
"04_实验试执行\build_design.py","4723","8F3ABF6EEDA5C1628AC86E9DC2B11B7B1B1292053CB2F46A27084440FD3B9D8C"
"04_实验试执行\design_matrix_all_DRAFT.csv","60607","9ADA9B84593379DBB60E46B641F9AC983BC18DF5DA2B66331ACED638AF5273C9"
"04_实验试执行\design_matrix_liuxinyue_DRAFT.csv","37707","37AD42705CA3535451D1DBF066A6FEADAB123F98F5D23320429903AFCF269928"
"04_实验试执行\design_validation.json","745","9D247F9BD4A7B04DA5AA3B8C94B3DC4770998B0C4AF3C8A2BA87D4D911173FD3"
"04_实验试执行\E3_predictions_TO_FILL.csv","1000","D244B44B9AF2843867D965831386060C57422025DA59C6D784D4FC7D92CC29EF"
"04_实验试执行\example_config_DRAFT.json","873","536FD5766A340510C0E196C9F88EAA5345D7B1D7644887F52C8B8A3EAE34751B"
"04_实验试执行\README.md","1218","5F32B791DC78DC1EC238D9B5965F226700FA95CA9CCC824E90B310F9CDD1B30D"
"04_实验试执行\run_metrics_EMPTY.csv","195","D922DE33A3EAFEA513F2B95EFE247C28ACFA0E7CBB4940C481981F6FC314B7BC"
"05_审稿原件\COMNET-D-26-03761-reviews.pdf","37426","818A2138D6EC0389EAC44751AA42670AE3E7142FC3199DB7B14ED6839E4B6E0E"
"05_审稿原件\decision.pdf","110944","9C1102F23BBE0A082F4169087D0B68B0F15556DC9433BCE2B370C583A9AEFA9B"
