citation_key,in_bib,cited_in_main_text,citation_occurrences,original_search_record,screening_status,study_id,notes
abbasloo2020orca,yes,yes,1,unknown,unknown,to_assign,M01 audit; do not infer historical search provenance from citation presence
abrol2024fairtt,yes,yes,1,unknown,unknown,to_assign,M01 audit; do not infer historical search provenance from citation presence
abrol2026bbr,yes,yes,13,unknown,unknown,to_assign,M01 audit; do not infer historical search provenance from citation presence
addanki2024credence,yes,yes,1,unknown,unknown,to_assign,M01 audit; do not infer historical search provenance from citation presence
addanki2024reverie,yes,yes,1,unknown,unknown,to_assign,M01 audit; do not infer historical search provenance from citation presence
agarwal2024harmony,yes,yes,1,unknown,unknown,to_assign,M01 audit; do not infer historical search provenance from citation presence
agarwal2024provably,yes,yes,1,unknown,unknown,to_assign,M01 audit; do not infer historical search provenance from citation presence
aggarwal2000pacing,yes,yes,1,unknown,unknown,to_assign,M01 audit; do not infer historical search provenance from citation presence
ahsan2023bbrn,yes,yes,1,unknown,unknown,to_assign,M01 audit; do not infer historical search provenance from citation presence
al2019survey,yes,yes,2,unknown,unknown,to_assign,M01 audit; do not infer historical search provenance from citation presence
alcoz2025scheduling,yes,yes,1,unknown,unknown,to_assign,M01 audit; do not infer historical search provenance from citation presence
alizadeh2010dctcp,yes,yes,1,unknown,unknown,to_assign,M01 audit; do not infer historical search provenance from citation presence
alizadeh2013pfabric,yes,yes,1,unknown,unknown,to_assign,M01 audit; do not infer historical search provenance from citation presence
allman2009rfc5681,yes,yes,1,unknown,unknown,to_assign,M01 audit; do not infer historical search provenance from citation presence
appenzeller2004sizing,yes,yes,2,unknown,unknown,to_assign,M01 audit; do not infer historical search provenance from citation presence
arslan2023bolt,yes,yes,1,unknown,unknown,to_assign,M01 audit; do not infer historical search provenance from citation presence
arun2018copa,yes,yes,1,unknown,unknown,to_assign,M01 audit; do not infer historical search provenance from citation presence
atxutegi2018cellular,yes,yes,2,unknown,unknown,to_assign,M01 audit; do not infer historical search provenance from citation presence
bai2015pias,yes,yes,1,unknown,unknown,to_assign,M01 audit; do not infer historical search provenance from citation presence
barakat2000tcp,yes,yes,2,unknown,unknown,to_assign,M01 audit; do not infer historical search provenance from citation presence
barbosa2023leo,yes,yes,1,unknown,unknown,to_assign,M01 audit; do not infer historical search provenance from citation presence
bernardez2025graphcc,yes,yes,1,unknown,unknown,to_assign,M01 audit; do not infer historical search provenance from citation presence
blanton2002reorder,yes,yes,1,unknown,unknown,to_assign,M01 audit; do not infer historical search provenance from citation presence
bless2025insights,yes,yes,2,unknown,unknown,to_assign,M01 audit; do not infer historical search provenance from citation presence
boutaba2018ml,yes,yes,1,unknown,unknown,to_assign,M01 audit; do not infer historical search provenance from citation presence
brakmo1994vegas,yes,yes,1,unknown,unknown,to_assign,M01 audit; do not infer historical search provenance from citation presence
cao2019bbr,yes,yes,11,unknown,unknown,to_assign,M01 audit; do not infer historical search provenance from citation presence
cardwell2000latency,yes,yes,1,unknown,unknown,to_assign,M01 audit; do not infer historical search provenance from citation presence
cardwell2016bbrqueue,yes,yes,1,unknown,unknown,to_assign,M01 audit; do not infer historical search provenance from citation presence
cardwell2017bbr,yes,yes,16,unknown,unknown,to_assign,M01 audit; do not infer historical search provenance from citation presence
cardwell2019bbrv2,yes,yes,13,unknown,unknown,to_assign,M01 audit; do not infer historical search provenance from citation presence
cardwell2023bbrv3,yes,yes,8,unknown,unknown,to_assign,M01 audit; do not infer historical search provenance from citation presence
chen2025clubheap,yes,yes,1,unknown,unknown,to_assign,M01 audit; do not infer historical search provenance from citation presence
chen2025etran,yes,yes,1,unknown,unknown,to_assign,M01 audit; do not infer historical search provenance from citation presence
cheng2024grace,yes,yes,1,unknown,unknown,to_assign,M01 audit; do not infer historical search provenance from citation presence
cho2017credit,yes,yes,1,unknown,unknown,to_assign,M01 audit; do not infer historical search provenance from citation presence
claypool2021satellite,yes,yes,1,unknown,unknown,to_assign,M01 audit; do not infer historical search provenance from citation presence
deconinck2017mpquic,yes,yes,1,unknown,unknown,to_assign,M01 audit; do not infer historical search provenance from citation presence
deutschmann2023starlink,yes,yes,5,unknown,unknown,to_assign,M01 audit; do not infer historical search provenance from citation presence
dhamdhere2006buffer,yes,yes,2,unknown,unknown,to_assign,M01 audit; do not infer historical search provenance from citation presence
dhamija2024dctcp,yes,yes,1,unknown,unknown,to_assign,M01 audit; do not infer historical search provenance from citation presence
dong2015pcc,yes,yes,1,unknown,unknown,to_assign,M01 audit; do not infer historical search provenance from citation presence
dong2018vivace,yes,yes,2,unknown,unknown,to_assign,M01 audit; do not infer historical search provenance from citation presence
du2025pred,yes,yes,1,unknown,unknown,to_assign,M01 audit; do not infer historical search provenance from citation presence
dukkipati2006fct,yes,yes,1,unknown,unknown,to_assign,M01 audit; do not infer historical search provenance from citation presence
fall1996simulation,yes,yes,1,unknown,unknown,to_assign,M01 audit; do not infer historical search provenance from citation presence
floyd1993red,yes,yes,1,unknown,unknown,to_assign,M01 audit; do not infer historical search provenance from citation presence
galliera2023marlin,yes,yes,2,unknown,unknown,to_assign,M01 audit; do not infer historical search provenance from citation presence
gao2024sifter,yes,yes,1,unknown,unknown,to_assign,M01 audit; do not infer historical search provenance from citation presence
gettys2011bufferbloat,yes,yes,1,unknown,unknown,to_assign,M01 audit; do not infer historical search provenance from citation presence
gomez2023fabric,yes,yes,1,unknown,unknown,to_assign,M01 audit; do not infer historical search provenance from citation presence
gomez2024bbrv3,yes,yes,7,unknown,unknown,to_assign,M01 audit; do not infer historical search provenance from citation presence
goyal2022bfc,yes,yes,1,unknown,unknown,to_assign,M01 audit; do not infer historical search provenance from citation presence
grazia2020bbrp,yes,yes,7,unknown,unknown,to_assign,M01 audit; do not infer historical search provenance from citation presence
grieco2004westwood,yes,yes,1,unknown,unknown,to_assign,M01 audit; do not infer historical search provenance from citation presence
ha2008cubic,yes,yes,1,unknown,unknown,to_assign,M01 audit; do not infer historical search provenance from citation presence
handley2003tfrc,yes,yes,1,unknown,unknown,to_assign,M01 audit; do not infer historical search provenance from citation presence
handley2017ndp,yes,yes,1,unknown,unknown,to_assign,M01 audit; do not infer historical search provenance from citation presence
henderson2008ns3,yes,yes,1,unknown,unknown,to_assign,M01 audit; do not infer historical search provenance from citation presence
hock2017bbr,yes,yes,8,unknown,unknown,to_assign,M01 audit; do not infer historical search provenance from citation presence
hoeiland2018fq,yes,yes,1,unknown,unknown,to_assign,M01 audit; do not infer historical search provenance from citation presence
huang2024llm,yes,yes,1,unknown,unknown,to_assign,M01 audit; do not infer historical search provenance from citation presence
ietf_ccwg_bbr,yes,yes,4,unknown,unknown,to_assign,M01 audit; do not infer historical search provenance from citation presence
izhikevich2023leo,yes,yes,1,unknown,unknown,to_assign,M01 audit; do not infer historical search provenance from citation presence
jacobson1988congestion,yes,yes,1,unknown,unknown,to_assign,M01 audit; do not infer historical search provenance from citation presence
jaeger2019bbr,yes,yes,11,unknown,unknown,to_assign,M01 audit; do not infer historical search provenance from citation presence
jain1984fairness,yes,yes,1,unknown,unknown,to_assign,M01 audit; do not infer historical search provenance from citation presence
jain2002bandwidth,yes,yes,1,unknown,unknown,to_assign,M01 audit; do not infer historical search provenance from citation presence
jaiswal2007oos,yes,yes,1,unknown,unknown,to_assign,M01 audit; do not infer historical search provenance from citation presence
jay2019aurora,yes,yes,2,unknown,unknown,to_assign,M01 audit; do not infer historical search provenance from citation presence
ji2025mtp,yes,yes,1,unknown,unknown,to_assign,M01 audit; do not infer historical search provenance from citation presence
jiang2021mlcc,yes,yes,2,unknown,unknown,to_assign,M01 audit; do not infer historical search provenance from citation presence
kakhki2017quic,yes,yes,1,unknown,unknown,to_assign,M01 audit; do not infer historical search provenance from citation presence
kamel2024starquic,yes,yes,7,unknown,unknown,to_assign,M01 audit; do not infer historical search provenance from citation presence
kassem2022starlink,yes,yes,1,unknown,unknown,to_assign,M01 audit; do not infer historical search provenance from citation presence
kelly1998rate,yes,yes,1,unknown,unknown,to_assign,M01 audit; do not infer historical search provenance from citation presence
ketabi2023drl,yes,yes,2,unknown,unknown,to_assign,M01 audit; do not infer historical search provenance from citation presence
kfoury2020bbrv2alpha,yes,yes,1,unknown,unknown,to_assign,M01 audit; do not infer historical search provenance from citation presence
khan2023leo,yes,yes,1,unknown,unknown,to_assign,M01 audit; do not infer historical search provenance from citation presence
kim2019delay,yes,yes,1,unknown,unknown,to_assign,M01 audit; do not infer historical search provenance from citation presence
kim2020ml,yes,yes,2,unknown,unknown,to_assign,M01 audit; do not infer historical search provenance from citation presence
kleinrock1979power,yes,yes,4,unknown,unknown,to_assign,M01 audit; do not infer historical search provenance from citation presence
kumar2020swift,yes,yes,1,unknown,unknown,to_assign,M01 audit; do not infer historical search provenance from citation presence
kumar2024chisel,yes,yes,1,unknown,unknown,to_assign,M01 audit; do not infer historical search provenance from citation presence
kuzmanovic2006tcplp,yes,yes,1,unknown,unknown,to_assign,M01 audit; do not infer historical search provenance from citation presence
lai2023starlink,yes,yes,1,unknown,unknown,to_assign,M01 audit; do not infer historical search provenance from citation presence
langley2017quic,yes,yes,1,unknown,unknown,to_assign,M01 audit; do not infer historical search provenance from citation presence
laniewski2024road,yes,yes,3,unknown,unknown,to_assign,M01 audit; do not infer historical search provenance from citation presence
laniewski2024wetlinks,yes,yes,1,unknown,unknown,to_assign,M01 audit; do not infer historical search provenance from citation presence
lantz2010mininet,yes,yes,1,unknown,unknown,to_assign,M01 audit; do not infer historical search provenance from citation presence
li2019hpcc,yes,yes,1,unknown,unknown,to_assign,M01 audit; do not infer historical search provenance from citation presence
liu2008illinois,yes,yes,1,unknown,unknown,to_assign,M01 audit; do not infer historical search provenance from citation presence
liu2021onramp,yes,yes,1,unknown,unknown,to_assign,M01 audit; do not infer historical search provenance from citation presence
liu2025pyrrha,yes,yes,1,unknown,unknown,to_assign,M01 audit; do not infer historical search provenance from citation presence
ma2017fairness,yes,yes,2,unknown,unknown,to_assign,M01 audit; do not infer historical search provenance from citation presence
mathis1997macroscopic,yes,yes,2,unknown,unknown,to_assign,M01 audit; do not infer historical search provenance from citation presence
medina2004transport,yes,yes,2,unknown,unknown,to_assign,M01 audit; do not infer historical search provenance from citation presence
meng2020proteus,yes,yes,1,unknown,unknown,to_assign,M01 audit; do not infer historical search provenance from citation presence
meng2024hairpin,yes,yes,1,unknown,unknown,to_assign,M01 audit; do not infer historical search provenance from citation presence
michel2022starlink,yes,yes,1,unknown,unknown,to_assign,M01 audit; do not infer historical search provenance from citation presence
mittal2015timely,yes,yes,1,unknown,unknown,to_assign,M01 audit; do not infer historical search provenance from citation presence
miyazawa2018cyclic,yes,yes,2,unknown,unknown,to_assign,M01 audit; do not infer historical search provenance from citation presence
miyazawa2020mechanism,yes,yes,1,unknown,unknown,to_assign,M01 audit; do not infer historical search provenance from citation presence
narayan2018ccp,yes,yes,1,unknown,unknown,to_assign,M01 audit; do not infer historical search provenance from citation presence
netravali2015mahimahi,yes,yes,1,unknown,unknown,to_assign,M01 audit; do not infer historical search provenance from citation presence
nichols2012codel,yes,yes,1,unknown,unknown,to_assign,M01 audit; do not infer historical search provenance from citation presence
padhye1998modeling,yes,yes,1,unknown,unknown,to_assign,M01 audit; do not infer historical search provenance from citation presence
pan2013pie,yes,yes,1,unknown,unknown,to_assign,M01 audit; do not infer historical search provenance from citation presence
pan2021bbracw,yes,yes,1,unknown,unknown,to_assign,M01 audit; do not infer historical search provenance from citation presence
pappone2025mutant,yes,yes,2,unknown,unknown,to_assign,M01 audit; do not infer historical search provenance from citation presence
paxson1999dynamics,yes,yes,2,unknown,unknown,to_assign,M01 audit; do not infer historical search provenance from citation presence
paxson2011rfc6298,yes,yes,1,unknown,unknown,to_assign,M01 audit; do not infer historical search provenance from citation presence
piotrowska2024,yes,yes,7,unknown,unknown,to_assign,M01 audit; do not infer historical search provenance from citation presence
pokhrel2025wifi,yes,yes,1,unknown,unknown,to_assign,M01 audit; do not infer historical search provenance from citation presence
postel1981tcp,yes,yes,1,unknown,unknown,to_assign,M01 audit; do not infer historical search provenance from citation presence
prasad2003bandwidth,yes,yes,1,unknown,unknown,to_assign,M01 audit; do not infer historical search provenance from citation presence
prasopoulos2025sird,yes,yes,1,unknown,unknown,to_assign,M01 audit; do not infer historical search provenance from citation presence
raiciu2012mptcp,yes,yes,1,unknown,unknown,to_assign,M01 audit; do not infer historical search provenance from citation presence
rfc3168,yes,yes,4,unknown,unknown,to_assign,M01 audit; do not infer historical search provenance from citation presence
rfc8257,yes,yes,1,unknown,unknown,to_assign,M01 audit; do not infer historical search provenance from citation presence
rfc8312,yes,yes,1,unknown,unknown,to_assign,M01 audit; do not infer historical search provenance from citation presence
rfc8684,yes,yes,1,unknown,unknown,to_assign,M01 audit; do not infer historical search provenance from citation presence
rfc9000,yes,yes,3,unknown,unknown,to_assign,M01 audit; do not infer historical search provenance from citation presence
rfc9002,yes,yes,2,unknown,unknown,to_assign,M01 audit; do not infer historical search provenance from citation presence
rfc9114,yes,yes,2,unknown,unknown,to_assign,M01 audit; do not infer historical search provenance from citation presence
rfc9330,yes,yes,5,unknown,unknown,to_assign,M01 audit; do not infer historical search provenance from citation presence
rfc9331,yes,yes,3,unknown,unknown,to_assign,M01 audit; do not infer historical search provenance from citation presence
rfc9332,yes,yes,3,unknown,unknown,to_assign,M01 audit; do not infer historical search provenance from citation presence
sarpkaya2025sharing,yes,yes,1,unknown,unknown,to_assign,M01 audit; do not infer historical search provenance from citation presence
scherrer2022modelbased,yes,yes,1,unknown,unknown,to_assign,M01 audit; do not infer historical search provenance from citation presence
scholz2018deeper,yes,yes,6,unknown,unknown,to_assign,M01 audit; do not infer historical search provenance from citation presence
semke1998buffer,yes,yes,1,unknown,unknown,to_assign,M01 audit; do not infer historical search provenance from citation presence
sharafzadeh2025scrr,yes,yes,1,unknown,unknown,to_assign,M01 audit; do not infer historical search provenance from citation presence
sharan2022symbolic,yes,yes,1,unknown,unknown,to_assign,M01 audit; do not infer historical search provenance from citation presence
sologon2025thesis,yes,yes,2,unknown,unknown,to_assign,M01 audit; do not infer historical search provenance from citation presence
song2020bbrcws,yes,yes,1,unknown,unknown,to_assign,M01 audit; do not infer historical search provenance from citation presence
song2021bbrv2,yes,yes,1,unknown,unknown,to_assign,M01 audit; do not infer historical search provenance from citation presence
tan2006compound,yes,yes,1,unknown,unknown,to_assign,M01 audit; do not infer historical search provenance from citation presence
tao2018rtt,yes,yes,3,unknown,unknown,to_assign,M01 audit; do not infer historical search provenance from citation presence
trevisan2021http3,yes,yes,1,unknown,unknown,to_assign,M01 audit; do not infer historical search provenance from citation presence
wang2023poseidon,yes,yes,1,unknown,unknown,to_assign,M01 audit; do not infer historical search provenance from citation presence
wang2024bbr_leo,yes,yes,2,unknown,unknown,to_assign,M01 audit; do not infer historical search provenance from citation presence
wang2024pudica,yes,yes,1,unknown,unknown,to_assign,M01 audit; do not infer historical search provenance from citation presence
wang2024smuff,yes,yes,1,unknown,unknown,to_assign,M01 audit; do not infer historical search provenance from citation presence
winstein2013remy,yes,yes,2,unknown,unknown,to_assign,M01 audit; do not infer historical search provenance from citation presence
winstein2013sprout,yes,yes,1,unknown,unknown,to_assign,M01 audit; do not infer historical search provenance from citation presence
wischik2005buffers,yes,yes,2,unknown,unknown,to_assign,M01 audit; do not infer historical search provenance from citation presence
wydrowski2024prequal,yes,yes,1,unknown,unknown,to_assign,M01 audit; do not infer historical search provenance from citation presence
xie2020pbecc,yes,yes,1,unknown,unknown,to_assign,M01 audit; do not infer historical search provenance from citation presence
yan2018pantheon,yes,yes,1,unknown,unknown,to_assign,M01 audit; do not infer historical search provenance from citation presence
yang2019adaptivebbr,yes,yes,2,unknown,unknown,to_assign,M01 audit; do not infer historical search provenance from citation presence
yang2023pacinggain,yes,yes,1,unknown,unknown,to_assign,M01 audit; do not infer historical search provenance from citation presence
yuan2024sidekick,yes,yes,1,unknown,unknown,to_assign,M01 audit; do not infer historical search provenance from citation presence
zaki2015verus,yes,yes,1,unknown,unknown,to_assign,M01 audit; do not infer historical search provenance from citation presence
zeng2025alibaba,yes,yes,1,unknown,unknown,to_assign,M01 audit; do not infer historical search provenance from citation presence
zeynali2024bbrv3,yes,yes,7,unknown,unknown,to_assign,M01 audit; do not infer historical search provenance from citation presence
zhang2001constancy,yes,yes,1,unknown,unknown,to_assign,M01 audit; do not infer historical search provenance from citation presence
zhang2018modest,yes,yes,1,unknown,unknown,to_assign,M01 audit; do not infer historical search provenance from citation presence
zhang2021gamma,yes,yes,1,unknown,unknown,to_assign,M01 audit; do not infer historical search provenance from citation presence
zhang2024habitus,yes,yes,1,unknown,unknown,to_assign,M01 audit; do not infer historical search provenance from citation presence
zhang2024lossless,yes,yes,1,unknown,unknown,to_assign,M01 audit; do not infer historical search provenance from citation presence
zhang2024tecc,yes,yes,1,unknown,unknown,to_assign,M01 audit; do not infer historical search provenance from citation presence
zhao2025whiteboxing,yes,yes,1,unknown,unknown,to_assign,M01 audit; do not infer historical search provenance from citation presence
zhou2024augur,yes,yes,1,unknown,unknown,to_assign,M01 audit; do not infer historical search provenance from citation presence
zhu2015dcqcn,yes,yes,1,unknown,unknown,to_assign,M01 audit; do not infer historical search provenance from citation presence
