review_id,reviewer,priority,issue_summary,primary_owner,planned_evidence,status,next_checkpoint
R1-M1,R1,major,RTT与inflight不能直接推出带宽份额,冯宗林,E1公平性设计与限定性重写,进行中,环境确认后
R1-M2,R1,major,无ECN不等于BBRv2/v3退化为v1,冯宗林,版本源码核查与E2对照,进行中,实现版本确认后
R1-M3,R1,major,适用性边界来源和区间不清,冯宗林+马若涵,证据矩阵与框架规则,进行中,检索协议冻结后
R1-M4,R1,major,suitable定义及带宽RTT队列流数条件不清,冯宗林+刘馨月,框架规范与实验参数表,进行中,试跑后
R1-M5,R1,major,相较既有综述的新增价值不清,马若涵,综述比较表与Section 1.2,进行中,M07交付后
R1-M6,R1,major,AI方法的概括性结论证据不足,马若涵,AI研究证据表与限定性表述,进行中,M07交付后
R1-m1,R1,minor,修辞性表述需改为科学措辞,刘庭佳,编辑问题表与全文搜索,进行中,T06交付后
R1-m2,R1,minor,摘要框架场景公平性结论重复,刘庭佳,去重记录与摘要修订,进行中,T06交付后
R1-m3,R1,minor,Figure 2队列增长时延不能标传播时延,刘庭佳+冯宗林,技术图核查,进行中,T04交付后
R2-1,R2,major,165篇系统综述过程不可复现,马若涵,检索日志筛选记录PRISMA,进行中,M02-M05
R2-2,R2,major,三维框架判据与独立验证不足,冯宗林+马若涵+刘馨月,冻结预测与E3留出验证,进行中,F07/L07
R2-3,R2,major,Table 3版本参数与ECN表述有误,冯宗林,机制审计与Table 3修订,进行中,F05
R2-4,R2,major,Figures 3-6及AI使用披露不充分,刘庭佳+冯宗林,图源记录AI声明技术签收,进行中,T02/T07
R3-1,R3,major,摘要难读且数字和引用过多,刘庭佳,摘要重写与正文一致性,进行中,T06
R3-2,R3,major,需补充BDP-Veno和OVeno等协议,马若涵,补充文献和相关研究段,进行中,M07
R3-3,R3,major,缺少算法或分析贡献,冯宗林+马若涵,框架形式化与留出验证,进行中,F06-F13
R3-4,R3,major,实现细节不足影响复现,刘馨月,环境配置日志与README,进行中,L01-L09
R3-5,R3,minor,其余BBR呈现获得肯定,冯宗林,回复信简短致谢,待回复,F16
