search_id,source,query_id,exact_query,search_datetime,displayed_hits,exported_records,raw_file,status,error
openalex_Q1,openalex,Q1,BBR congestion control,2026-09-28,1665,200,openalex_Q1.json,success,
openalex_Q2,openalex,Q2,BBRv2 BBRv3 congestion control,2026-09-28,29,29,openalex_Q2.json,success,
openalex_Q3,openalex,Q3,BBR RTT fairness,2026-09-28,648,200,openalex_Q3.json,success,
openalex_Q4,openalex,Q4,BBR buffer loss ECN,2026-09-28,231,200,openalex_Q4.json,success,
openalex_Q5,openalex,Q5,BDP-Veno,2026-09-28,111,111,openalex_Q5.json,success,
openalex_Q6,openalex,Q6,OVeno TCP congestion control,2026-09-28,1,1,openalex_Q6.json,success,
openalex_Q7,openalex,Q7,BBR wireless satellite LEO,2026-09-28,77,77,openalex_Q7.json,success,
openalex_Q8,openalex,Q8,learning congestion control fairness,2026-09-28,44751,200,openalex_Q8.json,success,
crossref_Q1,crossref,Q1,BBR congestion control,2026-09-28,2966610,200,crossref_Q1.json,success,
crossref_Q2,crossref,Q2,BBRv2 BBRv3 congestion control,2026-09-28,2964690,200,crossref_Q2.json,success,
crossref_Q3,crossref,Q3,BBR RTT fairness,2026-09-28,35578,200,crossref_Q3.json,success,
crossref_Q4,crossref,Q4,BBR buffer loss ECN,2026-09-28,483174,200,crossref_Q4.json,success,
crossref_Q5,crossref,Q5,BDP-Veno,2026-09-28,7115,200,crossref_Q5.json,success,
crossref_Q6,crossref,Q6,OVeno TCP congestion control,2026-09-28,2977382,200,crossref_Q6.json,success,
crossref_Q7,crossref,Q7,BBR wireless satellite LEO,2026-09-28,817506,200,crossref_Q7.json,success,
crossref_Q8,crossref,Q8,learning congestion control fairness,2026-09-28,5626308,200,crossref_Q8.json,success,
